"","X1","X2","Group"
"1",-1.00792717533206,0.399027127551213,"0"
"2",-0.472479666758793,0.839121791346173,"1"
"3",0.745229325730815,-1.27974193257183,"1"
"4",-0.597907905529905,-1.94243597568148,"1"
"5",0.186984091350764,-1.5419103280379,"1"
"6",-0.395736985652903,-0.120650486628404,"1"
"7",-0.15586101241443,1.19343293320948,"0"
"8",0.382043984813354,-1.70043318110154,"1"
"9",0.684346225687584,-0.890674936349737,"1"
"10",0.453268993062181,0.674205724152364,"1"
"11",-1.72351367913955,-0.270462111876775,"0"
"12",-1.06278214532431,-0.282208972007018,"1"
"13",-0.540617346390113,0.761107388163833,"1"
"14",-0.266631130498517,0.565228249804407,"1"
"15",1.38910163677381,0.0694936519595303,"1"
"16",-0.888567042377793,0.0202532547472005,"0"
"17",1.27433468870815,0.918186718002014,"1"
"18",1.28188227517025,-0.557256154352669,"1"
"19",-1.6266827397341,1.10914365448748,"1"
"20",1.42061764984395,0.75685701003592,"1"
"21",-0.413676883767705,-0.461187776403163,"1"
"22",1.08416612936857,-0.683906923394905,"1"
"23",-0.900235957802463,0.0483855175451852,"1"
"24",0.935070204608162,-0.0820529970758847,"1"
"25",1.004672477677,-0.241664261448566,"1"
"26",-2.02152087476683,-1.20696784777662,"0"
"27",1.2414015051597,0.886006448776458,"0"
"28",-1.05755783139882,-2.2162869846513,"1"
"29",-0.135292860887319,0.391176586200952,"1"
"30",-0.129547452256553,-1.16042889333,"1"
"31",-0.64553146606351,-1.3029506745269,"1"
"32",0.407408534619858,-0.00132725419852267,"1"
"33",1.70082910513362,0.677171183454395,"1"
"34",0.798933923813953,0.0419837859947903,"1"
"35",0.479904280091174,2.28463961347953,"1"
"36",1.5970329931898,2.18083802248338,"1"
"37",-1.98091729934721,-1.88135212462494,"1"
"38",-0.47291300364594,0.0925782447362672,"1"
"39",-0.100888250917955,-1.47523019051274,"1"
"40",-1.2450101836413,-1.04823143468527,"0"
"41",-0.881262652290813,-0.550783663370009,"0"
"42",-0.351331327870232,0.131276821367914,"1"
"43",-2.10749841195947,-0.695659836871621,"0"
"44",-0.490972603010508,0.233871516060272,"1"
"45",1.18443144379671,-0.494296311904698,"1"
"46",0.628496110218708,-0.624797791917294,"0"
"47",0.2273345651626,-1.00105225747862,"0"
"48",-1.71763132400346,0.874623960900293,"0"
"49",-0.962780775978829,1.5105702740024,"1"
"50",0.239864171457857,1.12389289005457,"1"
"51",-0.415789766038593,0.535899027029519,"1"
"52",-0.530614437521976,-0.405809954984854,"0"
"53",1.40036490286276,-1.2149124964754,"1"
"54",-0.23859365402323,0.164830388205578,"0"
"55",2.54611875056885,-0.765545363629683,"1"
"56",-0.086016009619558,-0.272434633901648,"1"
"57",0.371211002757542,-0.0113107974230049,"1"
"58",1.00731316157592,0.542857996164005,"1"
"59",-0.246407010769726,1.14691379097505,"0"
"60",1.51527874037872,-1.67589619861501,"1"
"61",0.282678386228609,1.14403686050944,"1"
"62",0.734782386268564,-1.01634248992032,"1"
"63",0.266741149405726,-0.118591033668373,"0"
"64",-0.32538352986477,0.755111417752444,"1"
"65",-0.249447827263566,-0.996392112776458,"0"
"66",1.49165308689401,1.37099151739208,"1"
"67",0.725052240844568,0.0250342215230591,"1"
"68",-0.491894903811936,0.788131775387146,"1"
"69",0.41151008049726,-0.305672766929161,"1"
"70",1.63861352597181,-2.49356319839619,"1"
"71",-0.550227322157063,1.60559130726042,"1"
"72",0.0613527278812155,-1.021791156321,"1"
"73",-1.68605808895348,0.328871154684895,"0"
"74",-0.91239583436138,-0.0191621220592146,"1"
"75",0.745424901648365,0.244070232314506,"1"
"76",-0.227991170833508,-0.0394907655322038,"0"
"77",1.30090035586374,3.94396536288177,"1"
"78",-1.65811057213229,-0.122554990448848,"1"
"79",-1.1361806990395,0.0197470070270757,"0"
"80",1.25647962248141,1.73449274613723,"1"
"81",-0.30852365708751,0.904538878760012,"0"
"82",2.3321645048342,0.466929603915187,"1"
"83",1.43522413792216,-0.659735459616062,"0"
"84",1.17029856424363,-0.554661713310339,"1"
"85",0.82156186853144,0.293916311724595,"0"
"86",0.826209357679865,-0.257621893812489,"1"
"87",-0.630569029995953,-1.20038637972577,"1"
"88",0.264721374716994,-0.169373081988013,"1"
"89",-0.470801471366969,-0.447368370811306,"0"
"90",0.885292452623449,0.0769164664621485,"1"
"91",-0.0830355557188796,-1.86993571403369,"1"
"92",2.0279774020397,1.05029741376009,"1"
"93",0.392884716327705,0.0450642669625184,"0"
"94",0.322461574193339,0.058550171566666,"0"
"95",-1.38331712654353,0.658068281670315,"0"
"96",-0.488206230600631,-3.39217829569924,"1"
"97",0.904960531134177,-0.343707280924659,"1"
"98",-0.588841877400703,0.969454687481969,"1"
"99",-0.693268524649538,0.426092656045325,"1"
"100",0.040930420657584,0.849114996778297,"1"
"101",0.239407810687255,0.310858391029452,"0"
"102",-0.655632416572636,1.77915837235052,"1"
"103",-0.249965523909367,-0.366532288265421,"1"
"104",-0.361833088509882,-0.125886048732581,"1"
"105",0.709459621954271,-1.71605390922213,"1"
"106",0.584873610214261,-0.229896176716461,"1"
"107",-0.151203527212254,-1.44027201678607,"1"
"108",-1.71070334372111,-0.390841903606456,"0"
"109",-0.401900654019191,1.224295340381,"1"
"110",0.144260884360578,2.7754953373617,"1"
"111",0.355409605587121,-0.100633901124357,"1"
"112",0.200184596921608,-0.298485257406497,"0"
"113",-1.17783151003495,1.07726305565271,"1"
"114",-0.313986779264678,-0.00384228393170704,"0"
"115",-1.99527596468699,0.496683079965487,"0"
"116",-0.173966118363858,-1.27605994954341,"0"
"117",-1.48965493390429,0.306161140762048,"1"
"118",-1.11459883198186,-0.58406856228671,"0"
"119",-0.156670410800887,-0.738136444733348,"0"
"120",1.41857317597925,0.189559262561579,"1"
"121",0.089005184629599,-0.762322009559908,"0"
"122",0.570884525022927,0.405997718001307,"1"
"123",0.640626088950791,0.138873258501231,"0"
"124",0.308188379423349,-1.37432411233706,"1"
"125",-0.172219618520434,-1.09165090356578,"1"
"126",0.93976532373113,-0.773665341018661,"0"
"127",0.100786067745738,0.110815711682704,"1"
"128",-0.165985743094886,-0.774810959029432,"0"
"129",-0.43558002447786,-0.567379563801603,"0"
"130",2.43091978878075,-0.0803310106285281,"0"
"131",3.00467797984309,-0.667314013413848,"1"
"132",-0.314216350479622,0.945439924756179,"0"
"133",0.591411447461054,-1.27339606527874,"1"
"134",0.20474685057566,-1.41276612618708,"1"
"135",-0.624897322333445,-3.1488105043151,"1"
"136",-0.379022975316028,0.260010359514413,"1"
"137",-0.0858325553542313,1.50597986044065,"1"
"138",-0.875768335266608,-0.463373603239434,"0"
"139",-2.46110230704615,-0.988807052255484,"0"
"140",0.0767371124796814,0.378929894766767,"0"
"141",-1.55878842476121,-0.434370059891392,"1"
"142",-1.87287222735279,0.608709559051509,"0"
"143",0.795043717263592,-1.35987970952709,"1"
"144",0.611310156174437,-1.21343278437701,"1"
"145",1.96887437361712,0.907617420838278,"1"
"146",-0.913153789959964,0.118665301914415,"1"
"147",1.84747910645802,-0.825442809902013,"1"
"148",0.968029122938733,0.912105294647571,"1"
"149",-0.4425396233357,-0.551147678913979,"0"
"150",0.386507510465972,0.339058544681941,"1"
"151",0.165528521584743,1.07599643131947,"1"
"152",-0.949936439650596,-0.553453309305422,"1"
"153",0.10339676882306,0.385117292198586,"1"
"154",0.00460650822839477,-0.142237966956073,"0"
"155",-0.871258541910069,0.49054458702872,"1"
"156",0.193422347376588,0.849954238650977,"1"
"157",0.154727280956722,0.415068107908379,"0"
"158",1.2261710145948,0.169276504180043,"1"
"159",0.0843767855441098,-1.02688579921835,"1"
"160",2.22547197014867,-0.871940493904075,"1"
"161",-0.178098609199389,0.871808690345174,"1"
"162",-0.0836253927834014,-0.308532759170584,"0"
"163",0.00197943559892972,0.231093711358517,"1"
"164",0.615379833999498,0.54542449839737,"1"
"165",-0.94904712490563,-1.12403675901172,"1"
"166",0.533429655478634,-2.12880310372934,"1"
"167",-1.65056920886742,0.0572544870835591,"0"
"168",-1.88861406240399,0.912176715637661,"0"
"169",0.502233717170779,0.393995027158076,"1"
"170",2.28376170672324,-0.672805728481811,"1"
"171",-1.33863897974756,0.0749157023238209,"0"
"172",-0.971055486866328,0.361052971922446,"0"
"173",1.48895445127106,0.337694241322348,"1"
"174",1.92623430827668,-0.600285524637849,"1"
"175",1.47313419716652,-1.47461914880554,"1"
"176",-0.244930459948951,-1.22898575617222,"1"
"177",0.332513157584132,-2.56803319952233,"1"
"178",0.468277873142619,0.318607178364213,"1"
"179",1.29547823908635,-2.06218170253476,"1"
"180",-1.31534060542869,-0.0232042698086756,"1"
"181",-0.782347695951814,0.836213377816711,"1"
"182",-0.514091452958651,-0.802529933611921,"0"
"183",0.763036677661049,1.15723400337285,"1"
"184",-1.50565428624258,1.29131227054906,"0"
"185",-0.886719152153991,-0.253087803049034,"0"
"186",1.42849841871406,1.21004341886426,"1"
"187",-2.54330958297163,1.51997200716136,"1"
"188",1.5635714599572,-0.301093300817515,"1"
"189",-0.0159974273522032,0.437454554087114,"1"
"190",-0.669310248593974,0.390313706473157,"1"
"191",-0.877065215108182,0.380728153895863,"0"
"192",0.116080879838047,0.440766240353632,"0"
"193",2.11078718418734,0.900373574451357,"1"
"194",-0.803889390027282,0.477213844841359,"1"
"195",-0.884424826407144,-1.64989259564158,"1"
"196",1.04898170757488,0.878274897674021,"1"
"197",0.398742967487613,-0.330720077784062,"0"
"198",-0.0379815853193779,-1.5767116721369,"1"
"199",0.710957254139242,0.171067093111155,"0"
"200",-0.327833405818224,-0.368165620905738,"0"
"201",0.448846673460881,0.418678266585085,"1"
"202",1.21747037448903,-1.0924423076406,"1"
"203",0.389179653941108,-0.63135899670327,"0"
"204",0.0532614708689776,-0.107310644786681,"1"
"205",-0.540690537559851,0.908466130834856,"0"
"206",1.64735079646665,0.270164245297005,"1"
"207",-1.31093397339504,1.29845087451311,"1"
"208",-0.331531168171565,-0.0221835723745649,"0"
"209",0.798625503382772,-1.31167962101253,"1"
"210",-1.02261319701331,-0.251096820628066,"0"
"211",-0.107865402704999,-0.91340526455182,"1"
"212",-0.224691850974568,-0.0666416254131975,"1"
"213",-0.985303073646368,0.611343036876499,"1"
"214",0.235064910741923,0.312923003073458,"1"
"215",-1.02204061922154,0.700028830922922,"0"
"216",0.226228921558337,-0.615044897584298,"1"
"217",-0.766948143224362,-0.790896542322361,"0"
"218",0.499647944423209,-1.15389658977388,"0"
"219",-0.819821962732389,-1.52676486167302,"1"
"220",0.580138216140749,-8.71544537986586e-05,"1"
"221",-0.697769962110363,-0.22091109923186,"1"
"222",-0.475670766665863,0.626944058486544,"1"
"223",0.440607170384649,0.912945496306535,"1"
"224",-0.442111050815508,0.0909443067035292,"1"
"225",0.328703216932662,-0.451070179744886,"1"
"226",-1.86364469444588,-0.446387271647925,"0"
"227",-0.399529101900901,0.655782921798738,"0"
"228",-0.120251360402037,0.202624003448978,"1"
"229",1.97986258360419,-0.132821762460292,"1"
"230",-0.36703544708152,-0.0203484970805909,"1"
"231",0.14303380033597,1.45870194654688,"1"
"232",0.0883624946388667,0.000590162103817427,"0"
"233",0.377092442098011,-0.445851770122941,"1"
"234",0.0149164827487823,-0.228005887241584,"1"
"235",0.210991791111748,0.586420558445652,"1"
"236",0.604264405761777,0.570786312056005,"1"
"237",2.00446467086367,-0.637651973335059,"1"
"238",-0.868223006070295,2.55162452513442,"1"
"239",-0.759894309306692,-1.5816422350993,"1"
"240",-0.15111735884905,1.76203031364336,"1"
"241",0.54447966806059,1.24672915399984,"1"
"242",0.262937035333755,2.06877522588964,"1"
"243",0.302015838217235,0.560149211573292,"1"
"244",1.29792847593461,-0.472230168392759,"1"
"245",0.297596350560619,-0.663403905158741,"1"
"246",-1.35598610291453,-0.928229361392313,"0"
"247",-0.142721360853323,0.636990356407027,"0"
"248",-1.0238035855413,0.0523127730029642,"0"
"249",3.28546884072262,1.01780911507094,"1"
"250",0.689340335644334,2.13756511003357,"1"
"251",-1.12962136967862,-0.605878127962586,"0"
"252",-0.635780744477672,1.1751377052156,"1"
"253",-0.570883680691795,0.1135815397397,"1"
"254",-0.312962832266211,-0.884717843931513,"1"
"255",0.379552006680589,-1.30821859005136,"1"
"256",-0.415834350295543,-0.52846923452363,"0"
"257",-1.00985959684361,-0.0578545467451653,"0"
"258",-1.01235213162001,-0.104952959620559,"0"
"259",0.847154119403828,-0.628232253840036,"1"
"260",1.63204106684852,-0.350735489375831,"1"
"261",-1.07953094108248,0.713240097256198,"0"
"262",2.19963598276907,0.854002645530563,"1"
"263",-0.666444964529962,0.88736643555487,"0"
"264",1.58110414990886,-1.61731853619584,"1"
"265",0.339364483284644,-0.503880557314169,"1"
"266",-0.569860634511069,0.742834434456047,"0"
"267",-1.57060250748342,0.168209834484579,"0"
"268",0.336306219002215,-0.56208678481249,"1"
"269",-0.774028730445186,-0.0188429781647352,"0"
"270",1.89767895548066,-0.406431275254059,"1"
"271",1.15528714514805,-0.487124493645538,"1"
"272",0.812556125344197,-0.461733579338663,"1"
"273",1.528476627902,-0.266504723760908,"1"
"274",1.06048151127656,-0.620974929082983,"1"
"275",-1.76102993644584,0.893215438745366,"0"
"276",-1.60002884445233,-0.983940154998461,"0"
"277",-0.163760676995617,1.6617884863279,"1"
"278",0.804090638960165,0.149067324147019,"1"
"279",1.3752418570463,1.03546153094906,"1"
"280",-1.12327285105192,0.644677418755566,"0"
"281",0.175132771245294,-1.52277966563472,"1"
"282",-0.0988000103652566,1.0946794938078,"1"
"283",-1.57375474214393,-1.05351081576924,"1"
"284",0.197405058624403,0.364126562852792,"1"
"285",1.18734707937203,0.796158839026871,"1"
"286",1.21990613088653,0.0616827534626879,"1"
"287",-0.162133599394387,-1.03060947041163,"0"
"288",-0.857558048835897,0.608129831173815,"0"
"289",0.239321440748148,0.839674487392876,"1"
"290",-1.30979588216785,-2.3299560391753,"1"
"291",-1.02023309096897,0.401818333563432,"0"
"292",-0.77480348573543,-1.00056149941421,"0"
"293",-0.225171156517547,-1.38791885496456,"1"
"294",-1.40842669626982,-0.312839384700396,"0"
"295",1.19693832600444,-2.60042715416552,"1"
"296",-0.205511259219618,-0.550802753765044,"0"
"297",-1.88915086749988,-2.2607360758156,"1"
"298",-0.0685191501391395,-1.57339432773301,"1"
"299",0.346357195685042,1.83612277603885,"1"
"300",-0.368483168193872,-1.15461635003045,"1"
"301",0.0339575469037531,0.176722162839664,"1"
"302",0.53409983660078,1.3282411093166,"1"
"303",-0.297575730715064,-0.510382484345025,"0"
"304",1.65723429049933,0.570169395966019,"1"
"305",0.533605408304679,-0.0876009856289088,"1"
"306",0.244984281962216,0.412585395264066,"1"
"307",-0.796523946797904,0.484273518642966,"0"
"308",0.426184539062018,0.0921214376455145,"1"
"309",0.853708927368635,-0.3965171758048,"1"
"310",1.7046030635584,-1.4060605484558,"1"
"311",-0.606645485446802,-1.00624599236161,"1"
"312",-0.320847393923384,-0.392939851848607,"1"
"313",1.04623344485162,0.121851760339087,"1"
"314",-0.273679681805959,0.56929130645744,"1"
"315",-0.123887789981307,-0.0618968766643477,"0"
"316",-1.25044801224597,0.604657172549081,"1"
"317",-1.46011254793448,0.765881632378715,"0"
"318",-0.299850299460075,2.06744500394107,"1"
"319",0.660786512264537,2.31246902882845,"1"
"320",-1.2936571537922,-0.692569367322018,"0"
"321",1.72084903771315,-0.975449130360005,"1"
"322",-0.322743705777421,0.325446498878704,"1"
"323",0.987120850412588,0.030552286018073,"1"
"324",0.943975379767913,-1.07596455512805,"1"
"325",-0.974704652170049,-0.265579451126775,"0"
"326",-0.0353305820736232,1.56836392355745,"1"
"327",-1.08207285444728,-1.09117461366387,"0"
"328",0.894769078354111,-0.684883673032973,"1"
"329",-1.88394760404424,1.1731234893902,"1"
"330",1.73176451305704,-1.79581126241536,"1"
"331",-0.71251098353787,0.119154970063737,"0"
"332",-0.606748642736141,0.630274017743831,"0"
"333",0.569179668893917,-0.189335345547567,"1"
"334",-0.228304397313865,-0.0566940812806974,"1"
"335",-0.983430522696475,0.691789530140425,"1"
"336",-1.40259032349017,-0.0399396360050435,"0"
"337",-0.911720369199385,1.44490602105416,"0"
"338",0.38571470669363,-0.674724789494707,"1"
"339",-0.311988360833427,1.13765285681359,"1"
"340",0.745618408492757,0.50305808227462,"1"
"341",0.483823127393952,-0.711862570535879,"0"
"342",0.7135586877645,2.25929752419231,"1"
"343",0.453944750992166,0.873889249394909,"1"
"344",-0.161429586374305,1.32745065748548,"0"
"345",-0.535157272095556,0.0813205407323615,"0"
"346",-0.245937845225872,0.893081212952833,"0"
"347",-1.49918740971795,-0.40310785604751,"1"
"348",0.763486035548564,-1.93767720388053,"1"
"349",0.648207303091902,-1.09811292032417,"1"
"350",-1.77682818897508,1.6017728690071,"0"
"351",-1.35795937303648,-1.00426194069572,"0"
"352",-0.140373056907127,1.03022213695505,"1"
"353",-1.23057231689597,0.279607277413343,"1"
"354",0.0602391790043607,-1.19962404675675,"1"
"355",-0.462991072136401,-0.0817128384129015,"0"
"356",-0.162684444304326,1.10859581227747,"1"
"357",0.0790675039034956,0.449818468355292,"0"
"358",0.281568996226963,0.948678075470494,"1"
"359",0.143258561232233,-0.0878789181855591,"1"
"360",0.297711108915729,-0.179799315768981,"1"
"361",1.39040045363088,1.75369973811969,"1"
"362",1.82292335683488,-1.61037109578186,"1"
"363",-2.10903519119203,-0.333997782012167,"0"
"364",1.46027907185376,-1.51597618058808,"1"
"365",-0.994565658278737,0.750799768488204,"0"
"366",0.000924846044999108,0.0115209376612572,"1"
"367",-0.101643844623149,0.122003103967497,"1"
"368",0.753037525732106,-0.0172055741974835,"0"
"369",-1.30732478217471,0.379964965427444,"0"
"370",0.293289047364594,-1.33316688639337,"1"
"371",-0.256016693655047,1.83832344249036,"1"
"372",1.25223611649855,-1.95334141033203,"1"
"373",1.16859897830944,0.366218015651355,"1"
"374",0.65255152917073,-0.386142597758561,"1"
"375",-0.817600117595572,0.551106687063553,"1"
"376",-1.045206485222,-0.313637410114943,"1"
"377",-0.117564407258667,0.867002307828377,"1"
"378",1.06114105599526,-1.38349589558756,"1"
"379",-1.02509277143749,-0.108907441659684,"1"
"380",1.64448889599271,0.484205791276102,"1"
"381",0.98653451952454,1.19109920466685,"1"
"382",1.61947289265402,-0.357609261726791,"1"
"383",0.218334693894079,0.705987376244312,"1"
"384",-1.62705842182957,-1.54897763193376,"1"
"385",-0.40261198776779,0.0464308597875255,"1"
"386",-1.18414987587714,-0.845605231553696,"0"
"387",-0.537488030637074,-0.418458228556595,"0"
"388",0.97209983367045,0.662763403910406,"1"
"389",1.37654444990201,0.699507473991314,"1"
"390",1.55863904644834,0.233604012280239,"1"
"391",-1.29579013604827,0.726185016341754,"0"
"392",-0.480900710390846,0.761484827802296,"1"
"393",-0.0888733734415958,0.158311598384848,"0"
"394",-0.00955335257852373,-1.01364746723627,"1"
"395",-0.153469652697261,0.136384171017618,"0"
"396",-0.750275143038419,1.3751704203957,"0"
"397",0.830271431409812,-0.181838917028462,"1"
"398",-1.32074528376359,0.903931223376102,"1"
"399",-0.723273915601296,-1.75623918012614,"1"
"400",0.0603231214637453,-1.15880277668377,"1"
"401",-1.84708118932846,1.31906578816036,"1"
"402",1.13897589008508,1.04288763967891,"1"
"403",0.565656489683473,-0.45061265163896,"1"
"404",0.258375157799359,0.143693187865994,"1"
"405",-0.3359482975841,0.23345287471598,"1"
"406",-0.0556979699634816,-0.617601593143123,"0"
"407",1.22734950380309,-0.563109685081166,"1"
"408",1.04770650017733,-1.00141985870298,"1"
"409",0.255304731012518,0.293227478226549,"1"
"410",0.891187214476363,0.706011295749332,"0"
"411",-1.89817280980551,0.0472352589931876,"0"
"412",0.601865100567001,-1.55378939187344,"1"
"413",0.115485979791055,0.536808098744064,"0"
"414",-0.448103263233658,1.28286336993953,"0"
"415",0.0738514182550083,-0.590587023524572,"1"
"416",-0.0518799854576459,-1.41463173455151,"1"
"417",-0.460882079459517,0.12048796600251,"1"
"418",0.551401942980585,-1.2144026343114,"1"
"419",-0.283134234827925,1.77548143664474,"1"
"420",2.5484067898439,-0.534897145233569,"1"
"421",-0.194709482116817,-0.657055814415319,"1"
"422",-0.931866040065582,0.560023424439049,"0"
"423",-0.420899987475833,-0.61317933117673,"1"
"424",0.548759958273567,0.65950169483667,"1"
"425",1.2994366051423,-0.193883693932943,"1"
"426",-0.131617513380949,0.365009843323173,"1"
"427",0.894829596062141,0.533317114727907,"1"
"428",0.440086801771907,-1.36256986015548,"1"
"429",1.46828358241172,1.14213522625993,"1"
"430",-0.172884363496258,-0.212541941192676,"1"
"431",0.563913018389634,1.10978670271273,"1"
"432",1.37428720807662,0.722347813756001,"1"
"433",1.12670285931739,-1.80276590676391,"1"
"434",1.47854336195754,-0.994204307610646,"1"
"435",1.37211724998339,-0.902353230124517,"1"
"436",2.43456090602045,-0.936697916776965,"1"
"437",-1.66456446519095,0.0721930622335075,"0"
"438",0.552483433166601,1.32868189773452,"1"
"439",-1.26599407050466,0.0135447782692089,"1"
"440",0.806146359608408,0.958708148644314,"1"
"441",1.64415987916637,0.362847754501425,"1"
"442",0.545100637629847,-2.33792033646128,"1"
"443",0.00842696399932255,-0.241163635544703,"0"
"444",-0.0628557860545064,0.846194014396539,"1"
"445",-1.0294045927902,1.11745298757706,"0"
"446",-1.08304141753333,1.71538152569578,"1"
"447",-0.0724886946078157,-0.593675998760615,"1"
"448",0.406808201180118,-0.74967800484707,"1"
"449",0.0495908538605516,0.494486444125462,"0"
"450",0.61391184602193,0.0442642469084031,"1"
"451",1.07363901912649,0.333207417565752,"1"
"452",-0.315142524467431,0.0560159944278032,"1"
"453",-0.686047533107313,0.305902581764732,"1"
"454",-0.112333996490778,1.00794261929776,"1"
"455",-0.522275340648925,0.261687102691662,"0"
"456",-1.02641444736888,0.91599212536341,"1"
"457",-1.67310673271085,0.933169856127493,"1"
"458",-0.276353535993138,0.84746273712251,"0"
"459",-1.77945799343466,-0.504707307177444,"1"
"460",-0.68296774716881,-1.18882393624207,"1"
"461",1.23058332226509,0.38002013795596,"1"
"462",1.50855228490422,0.0876028919327599,"1"
"463",0.990543268484247,0.402914953643913,"0"
"464",-1.55177272793704,-1.02277099557102,"0"
"465",-2.042669129331,0.512330848027236,"0"
"466",-0.038161161144844,-2.03207352344711,"1"
"467",-1.0965457485679,1.65854429192882,"1"
"468",-0.302697935483767,0.029633863729322,"0"
"469",-1.71923759666749,-1.05724833066139,"1"
"470",0.257593796343197,1.68254823231996,"1"
"471",-1.44443897809919,2.20501267694681,"1"
"472",0.633077260454793,-0.889138125047873,"1"
"473",-0.298702676948011,-0.476005475127894,"1"
"474",0.263569853267292,-1.46620087451415,"1"
"475",0.254716604697427,-0.827585680044469,"1"
"476",0.734915798952824,-0.170146074054304,"1"
"477",-1.20233248367559,-0.188013298756055,"0"
"478",-0.0239124294119147,0.61945986527022,"0"
"479",0.620967638693136,-0.0363578174010936,"1"
"480",-1.10227691003022,0.984283998684872,"1"
"481",0.473720466602981,0.79522797177311,"1"
"482",-0.621155584334113,0.448246433327128,"0"
"483",-1.63019706321263,1.06977157139635,"0"
"484",1.88354800171597,-1.7195402412867,"1"
"485",0.514509597260704,-0.110786113239201,"0"
"486",-0.848343209588931,-1.09627235262485,"1"
"487",-0.192848015664271,0.830931331281777,"0"
"488",-0.816389516480816,0.0873561123786729,"1"
"489",1.17169344921202,-0.316308868052027,"1"
"490",-0.114950415146643,-2.49685166298614,"1"
"491",-0.136202281577014,0.673932618109426,"1"
"492",0.596722401314628,-0.709797508641592,"1"
"493",-0.156534624597927,0.52814138007125,"1"
"494",-0.0809823081375902,-1.24202202045617,"1"
"495",-1.89697417400677,-0.764478507846162,"0"
"496",0.0385241901089122,0.756545414100473,"0"
"497",1.84963798205539,0.18544563308115,"1"
"498",1.26762260802755,-1.56247652416286,"1"
"499",-0.0368581030704468,-3.21221962460303,"1"
"500",1.38827996364961,0.017809431314752,"1"
"501",1.38319624932103,0.539394983870514,"1"
"502",-0.0435888058971901,-0.389367682326849,"1"
"503",1.09854491027855,-1.43500480392869,"1"
"504",-0.357222436465387,-0.613032859246576,"0"
"505",0.253366663344097,0.972938159662324,"1"
"506",0.488571739583357,-1.02416977403632,"1"
"507",1.31444181120966,-0.0413424457582082,"1"
"508",0.829532743641822,0.229137011032559,"1"
"509",-0.174924618304301,-0.425386035353878,"0"
"510",-1.30580475018291,-0.510197971571498,"1"
"511",0.872944385649596,0.73349786081687,"1"
"512",0.852213996285236,-0.895233510069341,"1"
"513",-1.12576703055559,-0.930527734590989,"1"
"514",0.181169006812065,-0.00372595264178269,"1"
"515",1.00540136086848,-0.961383709622101,"1"
"516",0.72409849682468,-0.211746386961784,"1"
"517",0.682080271329687,1.29219553178726,"1"
"518",1.31313041889283,0.0885169421039691,"1"
"519",0.641761089124698,-0.146033893928356,"1"
"520",-0.142121127309145,0.868033851513291,"1"
"521",-0.100823332432954,-0.129159241885723,"0"
"522",1.58348521054303,-0.215735156383978,"1"
"523",-0.365569840791882,1.12673266186567,"0"
"524",-1.29451234578654,0.137459288499339,"0"
"525",-0.64291975973762,-1.21223825963778,"1"
"526",0.6875370614422,0.747255927109327,"1"
"527",-0.295662163676234,-0.0703784121630472,"1"
"528",-1.05582473440737,1.04561443213984,"0"
"529",0.516162244887813,2.51077626722257,"1"
"530",0.0223519099956966,0.27249198271952,"0"
"531",0.557395957417004,0.51809768466908,"1"
"532",-0.260736353652581,-0.968826748486843,"0"
"533",-0.468405829010982,2.84798963473089,"1"
"534",-0.929756259615506,0.538216319037512,"0"
"535",-0.923515788373259,1.80015235180973,"1"
"536",-0.310884314505784,0.425711767828302,"1"
"537",-1.51000647617142,0.997969391666202,"0"
"538",1.35006883352095,-0.801526495258225,"1"
"539",0.72421302100921,-1.01113779735752,"1"
"540",-1.43957915582675,-0.113387698862126,"1"
"541",1.88042246037392,0.66814012009031,"1"
"542",0.637082827261996,-0.941003950901159,"1"
"543",1.44372089986153,-0.458344517908185,"1"
"544",0.81273219688365,0.467944492191078,"1"
"545",-1.19676773770704,-0.133848603265576,"0"
"546",-0.929222226381038,-0.963554680932415,"1"
"547",0.292256528995242,0.474134220719739,"0"
"548",-0.508596201303822,-0.61253947446537,"0"
"549",-0.801410262680449,-0.0419373079116602,"0"
"550",1.00199982474341,-0.263965090681733,"1"
"551",-1.1435546657905,0.851185210055403,"0"
"552",-0.987750921627911,-0.340370125041258,"0"
"553",-0.0240343516668995,0.0191121527336318,"0"
"554",-0.0915387658308549,-0.233402607050608,"1"
"555",-0.555549395877531,0.0376016334425791,"0"
"556",-0.557542006446851,1.45267840057115,"1"
"557",1.54681053417583,0.227562900764011,"1"
"558",0.687470499202716,-0.0404812728712324,"1"
"559",-0.770482786041012,-0.349003488103629,"0"
"560",-1.18339637079254,-0.105941337703687,"0"
"561",-0.181066155742047,-0.966688422709049,"0"
"562",0.30897342037735,0.430087909730037,"1"
"563",0.787856553065751,-0.805410920232426,"0"
"564",-0.49209029613104,0.851201573748216,"0"
"565",-0.475473082217807,0.373903590218035,"0"
"566",-0.962195292830789,0.174208567869796,"0"
"567",-1.02375313875598,-0.163350465131411,"1"
"568",0.24193606753573,1.13754434261002,"1"
"569",-0.88745082323533,-0.662581316714307,"1"
"570",-0.871518942514592,0.100742547148755,"0"
"571",-0.466014247154057,0.928862500577901,"1"
"572",0.859915391420617,-0.492943331449719,"1"
"573",0.149573417319283,1.24866009183513,"1"
"574",-0.331242843761443,-0.0691805089104254,"0"
"575",1.27511473799771,-1.6092083536706,"1"
"576",0.882276975837968,-0.0060327861285105,"1"
"577",-0.555363792133395,1.01671473504046,"1"
"578",0.419059932958809,-0.302698039720655,"1"
"579",-0.312836915697008,-0.181907288500855,"1"
"580",-0.167692654819761,0.0886182486006611,"0"
"581",1.12529042232088,1.5468993310619,"1"
"582",-0.0553543945550596,3.4397939459947,"1"
"583",0.368063999644191,0.476159260862654,"1"
"584",0.411839690088975,-1.1834366022973,"1"
"585",0.135589778733894,-0.061362925606055,"1"
"586",0.685283975369264,0.22552005012034,"1"
"587",0.493167987994869,-1.24125116964473,"1"
"588",1.5539203661918,-1.67730348556225,"1"
"589",0.112008055136182,1.82327465806881,"1"
"590",1.22584095389743,-0.0192928601162728,"1"
"591",-0.112966807572399,-0.915914580952625,"1"
"592",0.194447866763062,1.39546957302159,"1"
"593",1.41147624478506,1.41759020939874,"1"
"594",1.36450602337614,-1.25541266956099,"1"
"595",-0.404982283289712,-0.25413882667846,"0"
"596",1.34117784469846,-0.489979086708697,"1"
"597",-0.298315645851831,1.25412565256771,"0"
"598",0.404572620857395,0.767916017904389,"1"
"599",0.770511312155479,0.0595885872473734,"1"
"600",-1.11342273186067,0.824708940820203,"1"
"601",1.70936404612236,0.305121298030566,"1"
"602",0.684998641157616,-0.637404095167164,"0"
"603",0.644688405130414,-0.610371466907022,"1"
"604",2.21606373219099,-0.619919959140137,"1"
"605",3.17354260150551,-0.431726821861916,"1"
"606",0.651524622396475,-0.210494118275166,"1"
"607",0.144264297924133,-1.42262257782806,"1"
"608",0.906295429930055,-1.94687415373084,"1"
"609",-0.826177248714104,-0.803406324714469,"1"
"610",-0.747910156491799,-0.498833665027903,"1"
"611",-1.55488113622194,-0.663818179701231,"0"
"612",-1.46566927542511,2.01165012202045,"1"
"613",1.73451499486567,0.592295371235914,"1"
"614",0.275774501237705,-0.726713599687079,"1"
"615",-0.528153724919395,0.100428670196961,"0"
"616",-0.0733806222905693,-1.19714448018379,"1"
"617",-1.13310626161069,0.0158929740759749,"0"
"618",0.301890223309092,0.203437507704901,"0"
"619",-0.678525654347185,-0.279721316686963,"0"
"620",1.05856210388793,-1.38410867420503,"1"
"621",2.06574635524096,0.185505503342558,"1"
"622",-0.890076602913782,-0.02610025528805,"0"
"623",-1.14436102610951,-0.0279650128390301,"0"
"624",0.584151465599047,-0.94961676610461,"1"
"625",-0.227223707137313,0.398401610133342,"1"
"626",0.970250137564521,-1.2042007911729,"1"
"627",-0.934325882439086,0.846509288639084,"1"
"628",-0.0508758050903203,-0.533031697307842,"1"
"629",-0.541862363971813,0.26519621005552,"0"
"630",-0.359404385882432,0.907446933780962,"1"
"631",-0.955706497841584,0.939785634167334,"1"
"632",2.58142841343717,-0.805623608952738,"1"
"633",1.91410938240855,-0.913751235078444,"1"
"634",0.678217785572282,1.23116233580353,"1"
"635",-0.909990637363536,-0.77323879091258,"0"
"636",-0.706928458780672,0.597055165472845,"0"
"637",0.220303365753488,1.8526343425737,"1"
"638",-0.726048318623135,0.935338883713283,"1"
"639",0.675916873163664,-0.123043514907943,"0"
"640",1.15837240182362,1.34648881643257,"1"
"641",1.19180319137807,0.0827025317734354,"1"
"642",-0.840765827456179,0.621617053210164,"1"
"643",0.362401918713285,-1.21857102152878,"1"
"644",0.25975200017076,0.405063446868874,"1"
"645",0.711479419407688,0.228063605819488,"1"
"646",1.07969399315708,0.0531508448684339,"1"
"647",0.941413991169713,0.554404755191593,"1"
"648",-0.39056115528838,-0.675782968519457,"0"
"649",0.679792856391631,-0.726917884331225,"1"
"650",0.0466655116163133,0.55285117545352,"1"
"651",0.654110651891297,1.79441798691919,"1"
"652",-0.943445418521155,-0.168155455014335,"0"
"653",0.0273177309762482,0.182789651480566,"1"
"654",-0.497738371981552,1.26604541908614,"1"
"655",-1.81199142699799,-0.710012517205283,"0"
"656",-0.00325574994399272,-1.5250650491238,"1"
"657",-0.155288549647377,1.15315548760929,"1"
"658",-0.100749807470548,-0.33976289705175,"0"
"659",-0.528539633833003,0.173660782484945,"1"
"660",-0.480241873317754,-0.0574383607609083,"1"
"661",-0.517926030991736,0.97402596388608,"1"
"662",0.614958785310342,2.48456215828037,"1"
"663",0.0612959773905372,-0.0891142754025225,"1"
"664",-0.35630738711899,-1.42829292674451,"1"
"665",1.45865065698161,0.266080681410372,"1"
"666",-1.68369242558036,1.21920116128952,"1"
"667",-1.57093140030581,0.66774721758859,"0"
"668",0.605431250513443,-0.22003802947088,"0"
"669",-2.84081993018144,-0.472803915558435,"0"
"670",0.0608491939265976,-1.5634782694589,"1"
"671",0.392076778512737,-0.24756896495408,"1"
"672",0.937252250143625,-0.155316132566074,"1"
"673",-2.09232660314121,0.489610346487346,"0"
"674",-0.307884100742331,-0.394636801570284,"0"
"675",-0.841760473151646,0.967233034200684,"1"
"676",-0.356535185521834,-2.46109437122919,"1"
"677",0.962018847860417,0.607864685283631,"0"
"678",-1.51660127368935,-0.468655420890972,"0"
"679",0.173913482530157,-1.1769675788339,"1"
"680",-0.736522348938834,0.887630337282577,"1"
"681",-0.118613601695552,0.056358665064262,"0"
"682",-0.920039721829844,1.59907031805246,"1"
"683",-0.639746874146743,-0.67716958692104,"0"
"684",-1.6246062831805,-3.4142879573576,"1"
"685",-0.342410394010516,1.10971943588345,"1"
"686",-0.512496807062766,-1.32624439758163,"1"
"687",0.738532865216694,1.34289673636512,"1"
"688",0.534462930193625,-2.52923040938338,"1"
"689",1.284548670282,0.512552665475828,"1"
"690",0.247939291246225,-0.510229170307756,"0"
"691",-1.9933621012627,0.0460524441670675,"0"
"692",-1.61739497879869,-0.825202713457866,"0"
"693",0.283261141998365,-0.629039081778154,"0"
"694",0.718475788648097,1.46382456523012,"1"
"695",0.0200347257878167,0.224410215383339,"0"
"696",-0.0918143951857705,1.1138001504016,"1"
"697",0.90564653247909,1.02863321824538,"1"
"698",0.726452413101202,-1.15062508146727,"0"
"699",-0.917807025596741,-0.762825874336722,"0"
"700",-1.62833161835716,-1.55787899530341,"1"
"701",1.48694220944781,-0.828937332161595,"1"
"702",-0.490109635621822,0.489481888275087,"1"
"703",-0.372348221660564,-0.253891458964934,"0"
"704",-0.0463774583302338,-0.302235102817122,"1"
"705",-0.775417856140986,0.397696650424555,"1"
"706",-0.836410397818447,-0.127778178605872,"0"
"707",0.015030990368723,-0.00180792761519923,"0"
"708",1.2292908825572,-0.322313470671782,"1"
"709",0.373286561507807,1.59410314525783,"1"
"710",0.47027044474625,1.20402494594878,"1"
"711",-0.542323917623405,0.541704451021426,"0"
"712",0.191744038055786,1.2604403703072,"1"
"713",-1.96284511623747,1.02903597557554,"0"
"714",0.35239998823941,0.921396400550221,"0"
"715",0.601183370548127,-0.0695238121054115,"0"
"716",-0.009066855754645,-0.599843349563953,"0"
"717",0.219486298728248,0.92703143594148,"1"
"718",1.12214667691548,2.0172266596576,"1"
"719",-1.02075783959811,2.36179128389255,"1"
"720",0.275347132756938,-0.20754871088473,"1"
"721",-1.6900275508728,-0.149048785588441,"0"
"722",0.286793548413094,0.750794838989792,"1"
"723",-0.870782662339117,1.27979470908489,"1"
"724",0.427212861946964,-1.46029391043737,"1"
"725",0.321259833085339,0.852755099974778,"1"
"726",1.74414304452947,2.37204760394981,"1"
"727",1.18543632567386,0.300262665387247,"1"
"728",0.717584115179444,0.409760692677831,"1"
"729",-0.687351941481697,-0.631188253061234,"0"
"730",-1.47798803784748,-0.15039993873099,"0"
"731",-0.303422558087033,-0.930773755865496,"1"
"732",-0.338494199416646,0.323460276962275,"0"
"733",-0.181335647017958,-1.54944386540658,"1"
"734",-0.699833387932993,0.73795733964271,"1"
"735",0.13663148980921,-2.93389002949942,"1"
"736",0.139547272214659,1.51909448899951,"1"
"737",-1.34968071840449,1.23434180876239,"1"
"738",0.72260287360542,0.527778130305766,"0"
"739",-0.994197650595052,1.2713042890633,"1"
"740",0.144121023222247,0.463948074879029,"1"
"741",-0.977228498046946,0.469083048448784,"0"
"742",-0.867248313086096,0.833643889222112,"1"
"743",0.0903558842433751,0.744964387267888,"1"
"744",-0.069410810850224,0.0714856854771005,"0"
"745",0.43346485406425,0.68738014953105,"1"
"746",2.20097775523573,-0.0478880334518928,"1"
"747",-0.23026255800725,1.898889205022,"1"
"748",-0.1560536324078,-0.226228990613734,"0"
"749",-0.0337339125299988,-0.504034048745372,"0"
"750",2.19094867673742,0.317183024148308,"1"
"751",-1.17976973476314,0.937011614856297,"0"
"752",1.81368469086946,-0.0965754131005803,"1"
"753",0.13681904262243,0.732089392128657,"1"
"754",-0.70463302621845,0.000323040862419801,"0"
"755",0.695957426640202,0.310923260509324,"1"
"756",-1.48788168170504,-0.837371292978382,"0"
"757",0.988797535972076,-0.0601493446172801,"1"
"758",-0.0349299613769204,0.0699625946305275,"0"
"759",-1.20231345964594,0.777706863663246,"1"
"760",0.525056963607076,-0.236435776429529,"1"
"761",-0.930925576819185,-0.358066917714451,"0"
"762",0.216982041766062,1.04750125283798,"1"
"763",1.47548450572134,1.17858949406447,"1"
"764",-0.721544562651352,-1.42711651003823,"1"
"765",1.00474236941567,-0.726397835417343,"1"
"766",1.72608014258929,-0.236545235248192,"1"
"767",-1.66745006130237,1.55665917975458,"1"
"768",-0.34387337238193,1.35900400864764,"1"
"769",-1.04523802475845,1.66899404850106,"1"
"770",-0.832612524333318,0.433000021051381,"1"
"771",1.55929600587648,0.0458270571691766,"1"
"772",-2.24943922248214,1.60803308284288,"0"
"773",0.646355946251674,0.305772528600541,"1"
"774",-0.796705357660601,-0.134278323575109,"0"
"775",-0.39267920570742,-0.745987205413947,"1"
"776",0.579864492124296,-0.0072658103170053,"1"
"777",0.0581525024214916,0.334288387206681,"0"
"778",0.611147547637992,0.77616593392164,"1"
"779",0.644731504862786,0.764661324909346,"1"
"780",-0.472933283851114,-0.488495499980563,"1"
"781",0.27951214841265,0.402101802707251,"0"
"782",0.275715251557053,1.11238241739287,"1"
"783",0.558074620194338,0.174891859441406,"1"
"784",0.116877886862885,-0.573928596771207,"0"
"785",-0.3781745595823,-1.28087773133586,"1"
"786",-0.251830375008629,0.119953391368323,"0"
"787",0.5696386588979,-1.03377013233013,"1"
"788",1.02526017014973,-0.368826191329373,"1"
"789",2.01370571268754,1.39377632536496,"1"
"790",0.264632769007092,-0.952489846279506,"1"
"791",0.702771308777733,0.615428754657214,"1"
"792",-0.253217497069678,0.334385951399765,"1"
"793",-2.0298529538924,-0.214485964288482,"0"
"794",-0.643749577267694,3.30396758654646,"1"
"795",-0.734033366371144,-1.1547000961141,"1"
"796",-0.344045594121576,1.7015727000137,"1"
"797",0.680848834688705,-1.14817797525626,"1"
"798",-1.97636004508076,1.84012648445289,"1"
"799",0.899097322931925,-1.44335063965606,"0"
"800",0.250327273320471,1.82999700653771,"1"
"801",-1.14711421191232,-0.451199663470912,"0"
"802",-1.56279215413563,0.56142646289808,"0"
"803",-0.135136331257828,1.16718235810707,"1"
"804",-1.09360559001533,-0.989634060210263,"1"
"805",1.53588598691103,-0.205648023845247,"1"
"806",1.11420893854257,2.31205498974452,"1"
"807",-0.415168520563286,-1.30167328089685,"0"
"808",-1.08979229794579,-1.30906129427822,"1"
"809",-1.4967995182973,-0.787860809053984,"1"
"810",0.73478687720215,-0.0120057407796099,"1"
"811",0.777940624225905,0.157600733769962,"1"
"812",0.0928598960465386,0.867776074722148,"1"
"813",0.252470894823887,-0.276296623795878,"0"
"814",-0.370256124699946,0.583826851835942,"0"
"815",0.0119604995645789,0.0957736792984707,"1"
"816",0.118979933175362,0.598835722459458,"0"
"817",-0.0720093538170691,0.215917180885859,"1"
"818",-1.71399650953141,2.66742218135004,"1"
"819",1.19887084986671,-0.589389485313261,"1"
"820",0.559598574746595,-1.165083098569,"1"
"821",-0.149535227817842,1.80270908742683,"1"
"822",-0.629665942755118,-2.11170242605353,"1"
"823",0.744474753790235,0.936466118087439,"1"
"824",-0.30540573099511,-0.531861220386699,"1"
"825",-0.932823817662909,-0.478807994539093,"0"
"826",0.0376813848720857,-0.174249165402038,"1"
"827",-1.65140734285921,-0.332366665908424,"0"
"828",-0.987809140351361,-1.82691943238305,"1"
"829",0.779598095817719,-0.109968256602568,"1"
"830",-0.801684537395415,1.07510920912696,"1"
"831",1.18952042457834,0.239076751775108,"1"
"832",-0.919971020848793,1.073292102617,"1"
"833",-0.613459713663175,1.88766440294796,"1"
"834",0.917314354854741,0.400208833104049,"1"
"835",0.0570270060106447,0.881090882431008,"1"
"836",0.603337679276095,1.44142946690533,"1"
"837",0.384964468261812,0.202137772891432,"0"
"838",-0.132574637544596,-0.151436511955828,"0"
"839",-0.509802903689223,-0.258376381155948,"0"
"840",0.050012399915818,-0.108783708469862,"0"
"841",0.407010371488824,-0.367235731048271,"1"
"842",-1.52748630507351,-0.780885251516687,"1"
"843",0.553308267459355,-0.59522373840243,"1"
"844",-0.431856006073217,-0.0503812017236636,"0"
"845",-0.393551882359772,0.23049909611144,"0"
"846",0.186243246038769,-0.0988589554921832,"1"
"847",2.09705488817234,-0.105361387638217,"1"
"848",-0.564822925689835,-0.143696157442311,"0"
"849",0.117817358214165,-1.14791535112579,"1"
"850",-0.460569536241005,-0.495737406769543,"1"
"851",-0.876060576739898,0.064126336428553,"1"
"852",-0.502165358639512,-0.940811821740493,"1"
"853",-2.65680969230261,1.51210019196696,"1"
"854",2.37315461446241,1.56679994382859,"1"
"855",-0.678350658620963,-1.62230236567493,"1"
"856",0.408586954028162,1.65971025816088,"1"
"857",0.294919357412572,2.14636392300822,"1"
"858",0.456369937001323,-1.67441778875028,"1"
"859",0.923153212909644,-0.44900632889268,"1"
"860",0.637530383943704,-0.240834658879986,"1"
"861",0.140338252699964,2.03446758151473,"1"
"862",-0.793396162976145,-0.0953011512357453,"1"
"863",-1.941631577785,-0.230227227943729,"0"
"864",-0.382959016847807,-0.389603559935327,"0"
"865",-1.79071211476671,0.123466397977429,"0"
"866",-0.391140676882501,0.404479006722043,"0"
"867",0.528789771660433,0.350253978177333,"1"
"868",0.56628829598408,0.673440670646495,"1"
"869",-0.584236197547162,-0.469562137221919,"1"
"870",-0.614160934500512,1.37235799779759,"1"
"871",-0.574729921827733,0.632639819430883,"0"
"872",-0.736351734875867,-1.19627201608867,"0"
"873",-0.698290266695379,-1.56235690413363,"1"
"874",-0.407650959792262,-0.331239486998167,"0"
"875",1.26512917592192,0.446301052332322,"1"
"876",-0.184765736917766,0.697209324915126,"1"
"877",-1.52370922669192,-0.385650593606165,"0"
"878",-0.324616372659523,-0.740413669161279,"0"
"879",-0.444661260799132,0.286796860779254,"0"
"880",1.26860197304622,0.466462643270039,"0"
"881",0.590756304327056,0.566356439711647,"0"
"882",1.79849559434973,-0.423956881680642,"1"
"883",1.82483393485072,0.945657406073363,"1"
"884",-0.612484877913467,-0.560866110837236,"1"
"885",0.718513774789671,1.60232844796543,"1"
"886",-1.08218316711714,-1.08178704474496,"1"
"887",-0.626219945843371,-1.47354526809043,"1"
"888",1.42108613457166,0.00277590387140679,"0"
"889",0.1632592611202,1.59423442591272,"1"
"890",-1.58476931334824,-0.0529642095655071,"0"
"891",1.4556529317848,-0.332727945055421,"1"
"892",2.53182410636652,0.180828913704293,"1"
"893",0.919306314037642,0.851886100754604,"1"
"894",-0.919875387740407,-0.852519032238049,"0"
"895",0.680319101255182,-1.20292820874072,"1"
"896",-0.382442605574373,0.479115218051667,"1"
"897",-0.772767164219966,-1.43318083306823,"1"
"898",0.144449854620131,-0.125421446379766,"0"
"899",-0.497715277913131,1.88910844711538,"1"
"900",-0.392833729089475,-1.41396963893547,"0"
"901",-0.564853000347769,-1.51409062890553,"0"
"902",-0.264566546425557,0.382302944488356,"0"
"903",0.284370323180983,0.138930801118088,"0"
"904",-1.12104914945702,-1.40297306765279,"1"
"905",-1.19147442996257,-1.19130610087646,"1"
"906",-1.04926726081619,-0.22459827972131,"0"
"907",-1.06895005553814,0.579716977048079,"0"
"908",0.616416575018764,-0.606688531994348,"1"
"909",1.16748396212913,-0.124079440343264,"1"
"910",0.532340377129513,0.362087442641615,"1"
"911",-1.41552389965991,0.749074907475964,"1"
"912",1.34931841237344,0.257704291482844,"1"
"913",-0.991920778069372,0.567782588505302,"0"
"914",-1.02345289047314,2.5129497454761,"1"
"915",-0.0127738557515704,-0.336805694671498,"1"
"916",-0.136577660815094,-0.799106557337476,"1"
"917",-0.501773699171801,-1.26139692309231,"1"
"918",0.93344039780026,-0.256321085427477,"1"
"919",-1.20761869258636,1.38053211196287,"1"
"920",-0.39813962197381,-0.210148470283698,"1"
"921",-0.99365418069534,-1.25241647660931,"1"
"922",0.698973223490171,0.300293232572658,"1"
"923",1.18297007423475,-1.5565456076099,"1"
"924",-1.55968753343269,-0.391178713756174,"0"
"925",0.499291908853638,-0.84868058338469,"1"
"926",0.0369649692182283,1.1838860628077,"1"
"927",0.269346577785255,-1.76340773396764,"1"
"928",-0.0971019144748855,1.35906018858141,"1"
"929",-0.467414839965136,-1.69286997169544,"1"
"930",-0.289642931737826,0.380024064968008,"1"
"931",-0.401089880117097,0.59536103219558,"1"
"932",0.298815856983968,-0.238534531875064,"1"
"933",1.88323400500503,-1.78884827109189,"1"
"934",1.22278710962339,0.238656614130028,"1"
"935",0.569010308508862,0.523313894951561,"1"
"936",-0.502688159757333,0.172663562515582,"1"
"937",0.0230568596325795,-1.4868591467176,"1"
"938",-0.49257954367906,-0.416635716689541,"1"
"939",0.308843995872815,0.664774742478165,"1"
"940",-0.495338672685678,0.748592785066425,"0"
"941",0.988973149736667,-0.397057357980878,"1"
"942",1.31949157605682,-0.215878791571882,"1"
"943",0.60064035474351,-0.253218365667991,"1"
"944",1.46246580205147,-1.75078623553702,"1"
"945",-0.369513789748601,-1.06398635033927,"1"
"946",-0.137785929161142,0.510787665950749,"1"
"947",0.620746448279259,0.00470870042907157,"0"
"948",-0.530797442727274,-0.650981271888265,"0"
"949",1.35005742924083,1.50100864300167,"1"
"950",1.10652405124312,1.6676035311535,"1"
"951",-0.598969905326333,0.77892205568156,"1"
"952",0.00164604089105478,-1.46368502455471,"0"
"953",-1.71262257450688,0.5479543018567,"0"
"954",-1.06261633858869,0.664676026156799,"1"
"955",-1.50498332889487,-0.224344982396459,"1"
"956",0.339199174158835,2.17574894009993,"1"
"957",-0.872433466141691,0.450424994934908,"0"
"958",-0.482796166353137,0.83771327949327,"1"
"959",1.73034136425326,0.0405993534765462,"1"
"960",1.1067292969092,-1.08168047230348,"1"
"961",-0.426409664119681,1.08959613757845,"1"
"962",0.533883522454148,1.16017182431648,"1"
"963",0.455346503872873,-1.71360371164015,"1"
"964",-1.25016321173509,0.533627164304339,"0"
"965",-0.836040838630357,-0.608916173658105,"1"
"966",0.243788471066455,0.0441516419167779,"0"
"967",0.191268214752434,0.650248650761877,"1"
"968",-0.337478677270905,-1.219543719417,"1"
"969",0.479399639848625,0.639304554962662,"1"
"970",0.107366831004964,-0.798805671125573,"0"
"971",-1.68927954081999,0.646732095875568,"0"
"972",0.466566393825424,-0.0560339928468067,"1"
"973",-0.0843735971470295,0.411619269298449,"1"
"974",0.381463584212479,-1.49802897136512,"1"
"975",-0.857013831238483,1.08626513722511,"1"
"976",-0.341685793469079,-0.55540801229527,"1"
"977",-0.28352086716205,-0.891642001489791,"0"
"978",-1.34412976722528,0.520871013263946,"1"
"979",-3.05585834681453,1.95007395140302,"1"
"980",0.0597414408400094,0.311886471373764,"1"
"981",-1.43417513635069,0.418021050999872,"0"
"982",-0.340433501070641,-0.372527936128286,"0"
"983",0.547951344463516,-0.764492183830709,"1"
"984",0.559928936810248,1.60474102366036,"1"
"985",-1.68221236441269,-1.11281075444101,"0"
"986",-1.12424882913929,-2.11510572247559,"1"
"987",-0.422880872441983,-0.388129626840106,"0"
"988",-0.538339471612432,0.896512200352154,"1"
"989",-0.836398407382784,-0.772773488080277,"1"
"990",-1.02915852007221,0.396520094295253,"1"
"991",-0.898662084116163,1.84677199533124,"1"
"992",1.41025545606496,0.279340553357427,"1"
"993",0.0452116368604398,-1.14702328402757,"1"
"994",-0.159649437644646,-1.39339933010066,"1"
"995",-1.90284428575238,-0.502929142129331,"0"
"996",2.25766474181482,2.3273701788845,"1"
"997",-0.0891044189597791,-0.233336415343542,"1"
"998",-0.296075210317161,-2.05672935082013,"1"
"999",0.579058322531381,-0.452603445967225,"1"
"1000",-0.983543016948208,-1.03398218151826,"1"
