Date,Bloomsbury,Barking
01/01/2000,20.6,17.3
02/01/2000,10,7.7
03/01/2000,6.6,3.8
04/01/2000,13,11.1
05/01/2000,21.5,18.4
06/01/2000,20.9,18.4
07/01/2000,23.7,18.8
08/01/2000,18.7,16.6
09/01/2000,22.3,20.6
10/01/2000,27.4,32.3
11/01/2000,21.8,18.3
12/01/2000,24.1,19.4
13/01/2000,17.3,15
14/01/2000,18.8,15.7
15/01/2000,19.1,15.2
16/01/2000,14.8,15
17/01/2000,26.2,25.1
18/01/2000,18.6,14.1
19/01/2000,19.4,15.3
20/01/2000,33.5,30.5
21/01/2000,20.6,18
22/01/2000,11.9,8.8
23/01/2000,13,13.8
24/01/2000,21.5,22.1
25/01/2000,40.9,42.5
26/01/2000,33.8,36.6
27/01/2000,32.2,27.5
28/01/2000,19.9,15.7
29/01/2000,11.9,8.9
30/01/2000,14.6,11.2
31/01/2000,21.3,16.7
01/02/2000,27,19.2
02/02/2000,20,15
03/02/2000,17,18.2
04/02/2000,21,16.8
05/02/2000,29.9,24.7
06/02/2000,22.1,19.4
07/02/2000,27.1,19.3
08/02/2000,23.3,18.8
09/02/2000,26.5,25.6
10/02/2000,19.8,16.8
11/02/2000,20.8,20.8
12/02/2000,12.7,11.8
13/02/2000,21.5,24
14/02/2000,23.4,23.2
15/02/2000,16.1,12.9
16/02/2000,15,13.6
17/02/2000,18.9,13.9
18/02/2000,21.4,18.6
19/02/2000,15.2,13.8
20/02/2000,21.3,19.1
21/02/2000,21.3,24.8
22/02/2000,34.3,46.1
23/02/2000,22.2,19.6
24/02/2000,15,13.8
25/02/2000,16.9,18.4
26/02/2000,19.2,19.6
27/02/2000,20.8,18.7
28/02/2000,12.7,10.2
29/02/2000,10.9,7.5
01/03/2000,16.3,11.3
02/03/2000,26.8,22.5
03/03/2000,34.7,27.4
04/03/2000,15.2,16.2
05/03/2000,15.4,15.5
06/03/2000,22.2,22.2
07/03/2000,33.2,43.3
08/03/2000,19.6,22.7
09/03/2000,17,17.7
10/03/2000,31.3,31.9
11/03/2000,27.9,26.1
12/03/2000,33.8,40.4
13/03/2000,41.4,40.9
14/03/2000,23,21.3
15/03/2000,20.5,17.2
16/03/2000,34.7,20.1
17/03/2000,33.9,24.9
18/03/2000,29.6,20.8
19/03/2000,27.1,21.9
20/03/2000,39.6,34.6
21/03/2000,NA,26.3
22/03/2000,NA,53.8
23/03/2000,NA,47.7
24/03/2000,23,18.2
25/03/2000,11.4,6.7
26/03/2000,13.8,11.2
27/03/2000,16.5,10.4
28/03/2000,22.3,13.3
29/03/2000,29.8,22.5
30/03/2000,36.6,29.3
31/03/2000,30.3,24.6
01/04/2000,17.6,19.1
02/04/2000,17.5,13.9
03/04/2000,16,11.2
04/04/2000,13,11
05/04/2000,20.3,17.6
06/04/2000,25.5,19.7
07/04/2000,31.1,23
08/04/2000,35.8,36.3
09/04/2000,18.4,16.7
10/04/2000,21.7,18.5
11/04/2000,14.7,12.2
12/04/2000,11.1,8.1
13/04/2000,18.7,14.6
14/04/2000,20.3,15.4
15/04/2000,11.9,9
16/04/2000,17.9,15.1
17/04/2000,15.5,10.8
18/04/2000,19,14.5
19/04/2000,14.6,14.5
20/04/2000,16.7,10
21/04/2000,23,19
22/04/2000,14.6,13.7
23/04/2000,16.9,15.3
24/04/2000,15.2,12.8
25/04/2000,15.7,12.1
26/04/2000,15.8,11.8
27/04/2000,19.4,18.8
28/04/2000,22.8,19.7
29/04/2000,11.9,12.5
30/04/2000,17.8,19.1
01/05/2000,15,14.8
02/05/2000,17.4,11.9
03/05/2000,13.1,7.4
04/05/2000,23.9,16.8
05/05/2000,31.3,26.4
06/05/2000,43,38.4
07/05/2000,35.2,33.5
08/05/2000,42.1,35.9
09/05/2000,44.3,39.1
10/05/2000,37.1,27.9
11/05/2000,28.9,21.8
12/05/2000,37.5,31
13/05/2000,41,42.6
14/05/2000,34.1,34.8
15/05/2000,33.1,32.2
16/05/2000,29.6,26.8
17/05/2000,21.5,27.4
18/05/2000,14.1,7.6
19/05/2000,15.8,11
20/05/2000,16.7,15.2
21/05/2000,13.3,10.9
22/05/2000,20.9,17
23/05/2000,13.8,9.7
24/05/2000,19,15.6
25/05/2000,20.8,17.2
26/05/2000,18.6,15.7
27/05/2000,16,10.3
28/05/2000,8.6,7
29/05/2000,12.8,10.3
30/05/2000,18.7,17.3
31/05/2000,24.7,23.5
01/06/2000,15.6,14.2
02/06/2000,18,17
03/06/2000,18.3,19.6
04/06/2000,12.8,13.4
05/06/2000,25.8,22.2
06/06/2000,24.9,24
07/06/2000,21.1,17.4
08/06/2000,27.3,39.2
09/06/2000,32,27.3
10/06/2000,14,13.6
11/06/2000,15.8,15.3
12/06/2000,20,22.8
13/06/2000,13.5,15.5
14/06/2000,16.7,22.4
15/06/2000,17.4,16.4
16/06/2000,36,28.1
17/06/2000,30.1,29
18/06/2000,22.7,24.7
19/06/2000,39.8,44.2
20/06/2000,37.8,42.1
21/06/2000,20.6,22.2
22/06/2000,20.9,25.5
23/06/2000,15.8,18.5
24/06/2000,12.3,13.5
25/06/2000,15.2,15
26/06/2000,25.2,24.5
27/06/2000,31.5,35.5
28/06/2000,43.7,43.8
29/06/2000,41.3,39.1
30/06/2000,32.5,24.7
01/07/2000,27.1,24.4
02/07/2000,18.4,17.3
03/07/2000,NA,23.5
04/07/2000,28.1,27.8
05/07/2000,13.9,13.1
06/07/2000,21.5,19.6
07/07/2000,20,15.5
08/07/2000,12.7,12.3
09/07/2000,8.3,7.6
10/07/2000,12,11.6
11/07/2000,21,20.9
12/07/2000,19.6,21.1
13/07/2000,14.9,10.8
14/07/2000,20,12.7
15/07/2000,16.1,11.4
16/07/2000,17.8,13.3
17/07/2000,28.1,23.9
18/07/2000,36.3,31.3
19/07/2000,31.3,32.7
20/07/2000,24.3,24.3
21/07/2000,34.7,25.9
22/07/2000,17.2,12.9
23/07/2000,12.5,10
24/07/2000,12.5,9.8
25/07/2000,26.8,23.2
26/07/2000,NA,36.7
27/07/2000,NA,33.9
28/07/2000,NA,21.6
29/07/2000,17.7,16.7
30/07/2000,18,16.6
31/07/2000,18.5,15.7
01/08/2000,19.4,18.8
02/08/2000,23.8,28.5
03/08/2000,22.3,14.3
04/08/2000,24.6,22
05/08/2000,24.9,20.5
06/08/2000,16.4,13.4
07/08/2000,15.6,13.2
08/08/2000,19.6,17.4
09/08/2000,18.3,13.1
10/08/2000,20.6,15.7
11/08/2000,NA,21.1
12/08/2000,NA,26.2
13/08/2000,NA,14.3
14/08/2000,NA,18.2
15/08/2000,NA,15.4
16/08/2000,16.9,17.8
17/08/2000,20.9,20.9
18/08/2000,23.3,15.3
19/08/2000,14,12.9
20/08/2000,19.3,14.6
21/08/2000,17.3,18.1
22/08/2000,21.4,18.7
23/08/2000,24.6,17.3
24/08/2000,35.5,28.3
25/08/2000,35.3,27.9
26/08/2000,30.3,33.3
27/08/2000,20,21.8
28/08/2000,11.1,11.4
29/08/2000,25.3,21.8
30/08/2000,15.8,13.8
31/08/2000,24.4,28.1
01/09/2000,14.6,12.9
02/09/2000,17.8,17.4
03/09/2000,18.5,17.2
04/09/2000,25.2,28.2
05/09/2000,22.5,25.7
06/09/2000,16.6,16.2
07/09/2000,24.2,28.8
08/09/2000,17.6,14.8
09/09/2000,16.5,16.3
10/09/2000,19.8,16
11/09/2000,32.9,35.3
12/09/2000,22.2,22.1
13/09/2000,18.3,19.9
14/09/2000,18.1,19.1
15/09/2000,19.5,17.2
16/09/2000,15.5,10.7
17/09/2000,16.1,14.1
18/09/2000,13.1,11.1
19/09/2000,13.9,12.3
20/09/2000,15.7,11.8
21/09/2000,23.6,22.4
22/09/2000,20.6,17.2
23/09/2000,23.5,20.3
24/09/2000,19,16.1
25/09/2000,15.4,12.5
26/09/2000,22.8,15.1
27/09/2000,16.7,11.8
28/09/2000,19.3,14.5
29/09/2000,21.3,22
30/09/2000,18.8,21
01/10/2000,16,19.6
02/10/2000,17.6,13.2
03/10/2000,26.7,23.5
04/10/2000,22.6,19.6
05/10/2000,15.2,13.3
06/10/2000,16.9,13.3
07/10/2000,16.1,11.2
08/10/2000,15.3,11.2
09/10/2000,12.6,11
10/10/2000,13.6,10.1
11/10/2000,16.3,9.2
12/10/2000,20.8,16.7
13/10/2000,25.9,27.4
14/10/2000,17.9,13.6
15/10/2000,20.5,19.7
16/10/2000,19.8,15.8
17/10/2000,20.1,14.8
18/10/2000,22.8,15.4
19/10/2000,23.7,20.7
20/10/2000,25.8,25.6
21/10/2000,15.1,15.1
22/10/2000,20.7,18.2
23/10/2000,16.4,11.4
24/10/2000,18.5,16.5
25/10/2000,16.8,15.9
26/10/2000,18.5,20.2
27/10/2000,17.5,13.1
28/10/2000,14.3,10.7
29/10/2000,12.3,14
30/10/2000,12.3,8.3
31/10/2000,17.5,17.4
01/11/2000,15,16.8
02/11/2000,15.9,13.2
03/11/2000,20.2,25.5
04/11/2000,31.6,41.7
05/11/2000,16.2,21.7
06/11/2000,16.3,13.5
07/11/2000,16.4,13.5
08/11/2000,15.5,13.3
09/11/2000,18.2,20.6
10/11/2000,19.5,17.1
11/11/2000,12.2,9.5
12/11/2000,17.2,14.6
13/11/2000,21.6,26.4
14/11/2000,31.7,43.3
15/11/2000,43.4,42.2
16/11/2000,15.5,14.2
17/11/2000,18.5,16.6
18/11/2000,16.6,11.7
19/11/2000,10.8,7.1
20/11/2000,17.8,16.7
21/11/2000,19.2,15.8
22/11/2000,23.3,16.2
23/11/2000,26.1,20.8
24/11/2000,17.4,14.2
25/11/2000,21.6,15
26/11/2000,16.5,14.2
27/11/2000,26.9,21.2
28/11/2000,23.4,18.8
29/11/2000,26.2,20.1
30/11/2000,25.5,23.2
01/12/2000,18.9,11.6
02/12/2000,27.8,20.1
03/12/2000,20.2,14.3
04/12/2000,25.3,19.7
05/12/2000,23,19.1
06/12/2000,22.5,14.5
07/12/2000,25.5,18.4
08/12/2000,16.9,10.7
09/12/2000,18.9,11.7
10/12/2000,20.4,15.1
11/12/2000,22.2,15.7
12/12/2000,10.6,4.3
13/12/2000,20.5,15.7
14/12/2000,16.7,22.2
15/12/2000,20.5,16.4
16/12/2000,21,23.1
17/12/2000,21,23.5
18/12/2000,24.9,16.5
19/12/2000,28.4,24
20/12/2000,24.7,20.1
21/12/2000,37.1,25.9
22/12/2000,33.3,23.5
23/12/2000,35.5,30.1
24/12/2000,20.6,17.4
25/12/2000,10.5,5.1
26/12/2000,11.7,7.1
27/12/2000,15.3,11.7
28/12/2000,15.9,11.8
29/12/2000,23,NA
30/12/2000,19.1,NA
31/12/2000,13.4,NA
01/01/2001,15.6,10.8
02/01/2001,14.9,9.9
03/01/2001,20.2,16
04/01/2001,14.2,12.7
05/01/2001,15.9,15.6
06/01/2001,16.7,16.1
07/01/2001,14.7,15
08/01/2001,18.4,19.9
09/01/2001,34,28.8
10/01/2001,21.8,18
11/01/2001,22,18.8
12/01/2001,20.7,17.6
13/01/2001,23,18.3
14/01/2001,16.3,14.5
15/01/2001,NA,25.4
16/01/2001,NA,40.3
17/01/2001,NA,50.5
18/01/2001,NA,55.1
19/01/2001,45,58.8
20/01/2001,43,37.8
21/01/2001,23.7,17.9
22/01/2001,17.6,17.5
23/01/2001,21,13.2
24/01/2001,23.9,16.4
25/01/2001,14.8,7.3
26/01/2001,15.7,11.3
27/01/2001,18.7,16.2
28/01/2001,30.8,29.9
29/01/2001,25,27
30/01/2001,17,17.6
31/01/2001,25.1,18.3
01/02/2001,32.7,29.7
02/02/2001,18.6,14
03/02/2001,12.4,8.5
04/02/2001,10.6,9.1
05/02/2001,18.4,12.1
06/02/2001,20.8,15.1
07/02/2001,26.9,18.8
08/02/2001,17.6,8.8
09/02/2001,26,28.4
10/02/2001,19.5,16.4
11/02/2001,14,9.4
12/02/2001,19.3,12.5
13/02/2001,30.7,25.1
14/02/2001,32.9,26.3
15/02/2001,NA,50
16/02/2001,27,24.5
17/02/2001,21.3,19.2
18/02/2001,22.2,25.7
19/02/2001,30.3,28.1
20/02/2001,33.4,36.7
21/02/2001,21,26.1
22/02/2001,16.8,17.2
23/02/2001,17.6,14.1
24/02/2001,16.3,21.1
25/02/2001,13.3,14
26/02/2001,19.6,18
27/02/2001,22.3,17.7
28/02/2001,21.5,16.3
01/03/2001,17.9,13.7
02/03/2001,19.3,13.7
03/03/2001,23,16.8
04/03/2001,30.2,31.5
05/03/2001,43.5,49.4
06/03/2001,40.1,38.3
07/03/2001,26.4,30
08/03/2001,23,18.7
09/03/2001,18.9,13.1
10/03/2001,15,10.6
11/03/2001,14.1,10.5
12/03/2001,12.6,8.3
13/03/2001,18.3,15.1
14/03/2001,18.2,19.2
15/03/2001,23.5,22.2
16/03/2001,23.5,17.3
17/03/2001,12,8.8
18/03/2001,10.1,6.7
19/03/2001,19,16.8
20/03/2001,23.6,16.7
21/03/2001,25.5,15.3
22/03/2001,25.3,20.7
23/03/2001,18.5,13.3
24/03/2001,15.5,8.7
25/03/2001,24.8,19.4
26/03/2001,30.3,22.7
27/03/2001,28.7,32.6
28/03/2001,12.8,8.7
29/03/2001,18.2,18.3
30/03/2001,18.7,17.7
31/03/2001,21.8,16.9
01/04/2001,15.3,11.8
02/04/2001,22,24.3
03/04/2001,14.9,11.6
04/04/2001,13,9.7
05/04/2001,19,15.2
06/04/2001,23.8,20.9
07/04/2001,14.9,13.5
08/04/2001,12.6,13.6
09/04/2001,15.5,17.6
10/04/2001,20,17.2
11/04/2001,27.2,21
12/04/2001,22.7,23.7
13/04/2001,16.8,16.6
14/04/2001,17.8,19.1
15/04/2001,8.4,8.2
16/04/2001,14.8,14
17/04/2001,23,26.4
18/04/2001,14,12.9
19/04/2001,14,11.9
20/04/2001,20,18.1
21/04/2001,18,16.7
22/04/2001,19.7,23.6
23/04/2001,23.4,24.4
24/04/2001,25.1,23.3
25/04/2001,17,15.7
26/04/2001,17.1,20
27/04/2001,17,17.3
28/04/2001,14.2,10.8
29/04/2001,10.7,10
30/04/2001,19.3,14.9
01/05/2001,17.8,14
02/05/2001,19.3,15.9
03/05/2001,18.2,15.4
04/05/2001,20.7,15.7
05/05/2001,15.5,11.4
06/05/2001,15,12.9
07/05/2001,16.6,14
08/05/2001,16.5,13.4
09/05/2001,25.9,22.4
10/05/2001,40.1,NA
11/05/2001,42.1,NA
12/05/2001,22.4,NA
13/05/2001,25.3,NA
14/05/2001,30.2,NA
15/05/2001,23.8,NA
16/05/2001,13.5,NA
17/05/2001,13.4,NA
18/05/2001,19.7,NA
19/05/2001,20.1,NA
20/05/2001,23,NA
21/05/2001,21.2,NA
22/05/2001,18.6,NA
23/05/2001,25.9,NA
24/05/2001,27.8,NA
25/05/2001,36,NA
26/05/2001,30.3,NA
27/05/2001,15.5,NA
28/05/2001,17.3,NA
29/05/2001,21.1,NA
30/05/2001,23.2,NA
31/05/2001,16.3,NA
01/06/2001,16.3,NA
02/06/2001,17.9,NA
03/06/2001,16.1,NA
04/06/2001,20.9,NA
05/06/2001,27.3,NA
06/06/2001,23.1,NA
07/06/2001,13.8,NA
08/06/2001,16.4,NA
09/06/2001,20,NA
10/06/2001,13.2,NA
11/06/2001,19.6,NA
12/06/2001,18.5,NA
13/06/2001,26.9,NA
14/06/2001,24.6,NA
15/06/2001,20.6,NA
16/06/2001,14.3,NA
17/06/2001,19.3,NA
18/06/2001,19.2,NA
19/06/2001,26,NA
20/06/2001,20.8,NA
21/06/2001,23.5,NA
22/06/2001,21.8,NA
23/06/2001,26,NA
24/06/2001,34,NA
25/06/2001,44.9,NA
26/06/2001,52.5,NA
27/06/2001,28.1,NA
28/06/2001,19.8,NA
29/06/2001,19.1,NA
30/06/2001,19.8,NA
01/07/2001,22.1,NA
02/07/2001,27.3,NA
03/07/2001,44,NA
04/07/2001,NA,NA
05/07/2001,NA,NA
06/07/2001,31.7,NA
07/07/2001,34.2,NA
08/07/2001,19,NA
09/07/2001,19.6,NA
10/07/2001,16.8,NA
11/07/2001,35.8,NA
12/07/2001,25.1,NA
13/07/2001,19.1,NA
14/07/2001,18.3,NA
15/07/2001,17.3,NA
16/07/2001,20.3,NA
17/07/2001,NA,NA
18/07/2001,NA,NA
19/07/2001,NA,NA
20/07/2001,17.9,NA
21/07/2001,12.1,NA
22/07/2001,16.2,NA
23/07/2001,18.4,NA
24/07/2001,17.9,NA
25/07/2001,30.3,NA
26/07/2001,31.8,NA
27/07/2001,38,NA
28/07/2001,35.8,NA
29/07/2001,32.6,NA
30/07/2001,22,NA
31/07/2001,19.3,NA
01/08/2001,24.7,NA
02/08/2001,27.2,NA
03/08/2001,21.2,NA
04/08/2001,14.1,NA
05/08/2001,12,NA
06/08/2001,15,NA
07/08/2001,17.1,NA
08/08/2001,14.7,NA
09/08/2001,16.2,NA
10/08/2001,17.9,NA
11/08/2001,15.6,14.5
12/08/2001,16.3,14.2
13/08/2001,21.2,20.1
14/08/2001,21.7,22.9
15/08/2001,33.4,36.4
16/08/2001,17.2,19.2
17/08/2001,15.9,16.2
18/08/2001,24.5,24.9
19/08/2001,14.7,13
20/08/2001,20.3,16.3
21/08/2001,22.4,20.8
22/08/2001,25.7,28.3
23/08/2001,51.1,40.3
24/08/2001,32.3,39
25/08/2001,38.2,40.3
26/08/2001,39,34.6
27/08/2001,14.4,11
28/08/2001,22.2,NA
29/08/2001,31.5,NA
30/08/2001,27.7,NA
31/08/2001,15.6,NA
01/09/2001,15.6,NA
02/09/2001,12.6,NA
03/09/2001,10,NA
04/09/2001,14.9,NA
05/09/2001,19.5,20.3
06/09/2001,18.7,15.5
07/09/2001,20.3,22.4
08/09/2001,16.4,11.6
09/09/2001,17.2,10.7
10/09/2001,24.6,16.3
11/09/2001,42.3,17
12/09/2001,34.7,21.8
13/09/2001,22.1,13.3
14/09/2001,18.6,16.7
15/09/2001,16.8,15.6
16/09/2001,16,15
17/09/2001,18.1,11.1
18/09/2001,19.4,16.8
19/09/2001,14,12.5
20/09/2001,23.5,20.2
21/09/2001,23,18.9
22/09/2001,26.9,24
23/09/2001,21,15.4
24/09/2001,25.4,16.6
25/09/2001,40.3,29.8
26/09/2001,25.1,28.4
27/09/2001,20.7,18.4
28/09/2001,33,35.5
29/09/2001,19.9,19.6
30/09/2001,13.3,15.9
01/10/2001,28.1,24.3
02/10/2001,16.2,12.2
03/10/2001,25.2,20.1
04/10/2001,19.9,19.9
05/10/2001,21.2,30.5
06/10/2001,20.5,18.2
07/10/2001,15.2,15.7
08/10/2001,19.4,14.3
09/10/2001,21.3,20.3
10/10/2001,21.9,19.5
11/10/2001,18.5,15.8
12/10/2001,33.6,40.7
13/10/2001,60.4,51.8
14/10/2001,37,29
15/10/2001,24.8,25.4
16/10/2001,25.5,32.1
17/10/2001,34.5,28.1
18/10/2001,30.9,26
19/10/2001,35.5,26
20/10/2001,23.7,25.4
21/10/2001,13.4,11.7
22/10/2001,19.8,22.4
23/10/2001,19.6,19
24/10/2001,23,20.2
25/10/2001,30.1,26.8
26/10/2001,21,17.2
27/10/2001,21.3,20
28/10/2001,18.7,18.6
29/10/2001,23.8,23.2
30/10/2001,32.2,29.5
31/10/2001,18.1,23.4
01/11/2001,26.5,40.8
02/11/2001,32.5,41.9
03/11/2001,46.8,66
04/11/2001,NA,71.8
05/11/2001,24.6,30.1
06/11/2001,23.7,25.3
07/11/2001,11.5,8.2
08/11/2001,NA,5.9
09/11/2001,16.5,11.6
10/11/2001,22.8,22.7
11/11/2001,19.7,20.8
12/11/2001,16,16
13/11/2001,15,10.6
14/11/2001,18.7,17.7
15/11/2001,26.6,37
16/11/2001,26.8,32.7
17/11/2001,15.3,14.2
18/11/2001,10.5,8.3
19/11/2001,28,27.5
20/11/2001,29,30.4
21/11/2001,19,16.9
22/11/2001,16.5,14
23/11/2001,26.4,25.8
24/11/2001,21.7,23.8
25/11/2001,8.9,7.5
26/11/2001,23.9,28
27/11/2001,15.8,14.6
28/11/2001,21.5,21.4
29/11/2001,11.4,8.6
30/11/2001,12.9,8.3
01/12/2001,10.2,7.7
02/12/2001,22.1,22.6
03/12/2001,24.5,NA
04/12/2001,20.9,NA
05/12/2001,16,NA
06/12/2001,26.2,33.6
07/12/2001,30,34.6
08/12/2001,36.8,29.3
09/12/2001,22.3,20.5
10/12/2001,31.3,27.3
11/12/2001,22.3,17.9
12/12/2001,26.8,20.2
13/12/2001,20.2,13.5
14/12/2001,28,20.9
15/12/2001,30.4,17.4
16/12/2001,16.5,15.2
17/12/2001,22.5,15.8
18/12/2001,25,19.8
19/12/2001,25.3,24.1
20/12/2001,24.4,20.8
21/12/2001,17,12.2
22/12/2001,13.4,10.5
23/12/2001,19.3,14.4
24/12/2001,13.4,10.3
25/12/2001,8.5,7.6
26/12/2001,11.5,10.5
27/12/2001,10.6,9.7
28/12/2001,16.8,15.8
29/12/2001,13.3,12.2
30/12/2001,12.6,11
31/12/2001,22.1,18.3
01/01/2002,33.9,39.4
02/01/2002,26.3,18
03/01/2002,24.7,15.9
04/01/2002,NA,28
05/01/2002,NA,30.6
06/01/2002,NA,20.9
07/01/2002,28.5,23.9
08/01/2002,23.3,25.7
09/01/2002,36.5,36.4
10/01/2002,22.8,25.1
11/01/2002,21.7,21.1
12/01/2002,18.1,17
13/01/2002,26.5,22.8
14/01/2002,18.2,16.9
15/01/2002,18.8,16.2
16/01/2002,19,18.6
17/01/2002,13.1,11.3
18/01/2002,18.8,15.9
19/01/2002,20.1,17.5
20/01/2002,16.2,14.4
21/01/2002,23.1,19.2
22/01/2002,20.2,18.7
23/01/2002,21.3,18.2
24/01/2002,16.8,14.1
25/01/2002,17.3,19
26/01/2002,13.7,11.2
27/01/2002,14.3,12.4
28/01/2002,23.8,20.6
29/01/2002,27.6,24.9
30/01/2002,24.2,18.9
31/01/2002,21.4,15.5
01/02/2002,31.6,21.2
02/02/2002,36,23.1
03/02/2002,20.5,19.4
04/02/2002,NA,9
05/02/2002,NA,13.5
06/02/2002,NA,18.5
07/02/2002,NA,14.2
08/02/2002,NA,17.8
09/02/2002,NA,12.7
10/02/2002,NA,17.6
11/02/2002,NA,11.2
12/02/2002,NA,20.3
13/02/2002,NA,20.3
14/02/2002,NA,16.6
15/02/2002,NA,24.2
16/02/2002,NA,20
17/02/2002,NA,25.7
18/02/2002,NA,17.9
19/02/2002,NA,20.2
20/02/2002,NA,14.1
21/02/2002,NA,18.4
22/02/2002,NA,14.4
23/02/2002,NA,17.7
24/02/2002,NA,14.2
25/02/2002,NA,9.3
26/02/2002,NA,9.3
27/02/2002,NA,11.2
28/02/2002,NA,16.7
01/03/2002,NA,20.2
02/03/2002,NA,NA
03/03/2002,NA,23.1
04/03/2002,NA,NA
05/03/2002,NA,NA
06/03/2002,62.8,NA
07/03/2002,62.9,NA
08/03/2002,50.8,NA
09/03/2002,45.8,NA
10/03/2002,23.6,NA
11/03/2002,28.3,NA
12/03/2002,39.8,NA
13/03/2002,18.6,12.8
14/03/2002,29.6,18.8
15/03/2002,35.2,25.9
16/03/2002,29.9,20.7
17/03/2002,14,14.4
18/03/2002,17.4,13.4
19/03/2002,23,19.2
20/03/2002,18.8,14.9
21/03/2002,30.2,19.6
22/03/2002,50.2,23.9
23/03/2002,30.8,16.3
24/03/2002,29.5,25.7
25/03/2002,45.2,46.2
26/03/2002,57.6,23.2
27/03/2002,65.1,NA
28/03/2002,45.9,NA
29/03/2002,52.8,42.2
30/03/2002,52.2,43.5
31/03/2002,23.9,25.5
01/04/2002,30.5,27.3
02/04/2002,64.6,54.2
03/04/2002,66.7,47.9
04/04/2002,77.7,50.6
05/04/2002,65.1,51.5
06/04/2002,47.4,40.7
07/04/2002,24.6,19
08/04/2002,31.6,23.6
09/04/2002,28.7,20.2
10/04/2002,53,39
11/04/2002,51.7,37.6
12/04/2002,46.9,32.2
13/04/2002,20.3,12.9
14/04/2002,19.7,21.9
15/04/2002,27.3,23.6
16/04/2002,30.9,35.2
17/04/2002,NA,25.3
18/04/2002,NA,18.6
19/04/2002,NA,25.4
20/04/2002,34.8,32.5
21/04/2002,31.5,24.4
22/04/2002,31.3,28.2
23/04/2002,28.9,32.2
24/04/2002,27.9,29.4
25/04/2002,34.1,29.7
26/04/2002,18,13.2
27/04/2002,16.1,13.3
28/04/2002,13,8
29/04/2002,26.9,19.6
30/04/2002,14.6,11.8
01/05/2002,18.3,14.4
02/05/2002,21,19.6
03/05/2002,22.3,17.5
04/05/2002,17.2,12.1
05/05/2002,19.7,13.9
06/05/2002,18.7,12.9
07/05/2002,23,17
08/05/2002,29.5,21.4
09/05/2002,36.6,33.4
10/05/2002,59.5,55
11/05/2002,33.3,30
12/05/2002,26.7,21.9
13/05/2002,17.3,23
14/05/2002,29.7,17.6
15/05/2002,25.7,18.8
16/05/2002,41,29.5
17/05/2002,49,32.1
18/05/2002,22.9,14.6
19/05/2002,23.1,22.1
20/05/2002,23.7,22.6
21/05/2002,22.9,18.3
22/05/2002,30.5,14.6
23/05/2002,29.5,20.3
24/05/2002,NA,25.7
25/05/2002,NA,20.3
26/05/2002,NA,6.9
27/05/2002,NA,13.7
28/05/2002,NA,19.3
29/05/2002,NA,18.8
30/05/2002,16.3,25.6
31/05/2002,20.2,26
01/06/2002,19.4,26.6
02/06/2002,24.2,27
03/06/2002,15.3,24.5
04/06/2002,11,13.2
05/06/2002,NA,15.9
06/06/2002,NA,19.8
07/06/2002,NA,14.8
08/06/2002,NA,16
09/06/2002,NA,13.7
10/06/2002,NA,17.8
11/06/2002,NA,18.9
12/06/2002,NA,13.1
13/06/2002,13.1,15.5
14/06/2002,18.6,23.5
15/06/2002,19.8,21.2
16/06/2002,15.1,17.8
17/06/2002,23.1,25.3
18/06/2002,20.7,19.9
19/06/2002,18.2,20.4
20/06/2002,20.8,21.2
21/06/2002,18.2,23.6
22/06/2002,14.2,13.2
23/06/2002,10.8,12.4
24/06/2002,15.7,19.4
25/06/2002,NA,23.5
26/06/2002,NA,27.5
27/06/2002,NA,18.1
28/06/2002,NA,19.5
29/06/2002,NA,21.7
30/06/2002,NA,43.5
01/07/2002,NA,12.9
02/07/2002,NA,19
03/07/2002,NA,11.5
04/07/2002,NA,17.8
05/07/2002,NA,11.7
06/07/2002,NA,18.1
07/07/2002,NA,13.1
08/07/2002,NA,8.5
09/07/2002,NA,11.1
10/07/2002,NA,13.2
11/07/2002,NA,18.8
12/07/2002,NA,20.5
13/07/2002,NA,17.3
14/07/2002,NA,18
15/07/2002,NA,23.8
16/07/2002,NA,24.7
17/07/2002,NA,21.8
18/07/2002,NA,18.6
19/07/2002,NA,24.4
20/07/2002,NA,22.9
21/07/2002,NA,16
22/07/2002,NA,38.1
23/07/2002,NA,28.3
24/07/2002,NA,19.8
25/07/2002,NA,24
26/07/2002,NA,25
27/07/2002,NA,24
28/07/2002,NA,31.6
29/07/2002,NA,45.8
30/07/2002,NA,52
31/07/2002,NA,23.4
01/08/2002,NA,24.9
02/08/2002,NA,24.4
03/08/2002,NA,14.4
04/08/2002,NA,16.3
05/08/2002,NA,21.3
06/08/2002,NA,23.8
07/08/2002,NA,27.7
08/08/2002,NA,23.3
09/08/2002,NA,16.9
10/08/2002,NA,23.4
11/08/2002,NA,19.4
12/08/2002,NA,20.1
13/08/2002,NA,35.1
14/08/2002,NA,33.5
15/08/2002,NA,42.6
16/08/2002,NA,38.6
17/08/2002,NA,41.5
18/08/2002,NA,24.7
19/08/2002,NA,21.9
20/08/2002,NA,NA
21/08/2002,NA,NA
22/08/2002,NA,NA
23/08/2002,NA,NA
24/08/2002,NA,NA
25/08/2002,NA,NA
26/08/2002,NA,NA
27/08/2002,NA,NA
28/08/2002,NA,NA
29/08/2002,NA,35.2
30/08/2002,NA,26.3
31/08/2002,NA,15
01/09/2002,NA,18.3
02/09/2002,NA,26.6
03/09/2002,NA,28.2
04/09/2002,NA,32.9
05/09/2002,NA,45.8
06/09/2002,NA,40.7
07/09/2002,NA,10.6
08/09/2002,NA,13.9
09/09/2002,NA,11.9
10/09/2002,NA,15.4
11/09/2002,NA,31.5
12/09/2002,NA,26.3
13/09/2002,NA,24.2
14/09/2002,NA,21.2
15/09/2002,NA,12.2
16/09/2002,NA,14.5
17/09/2002,NA,15.7
18/09/2002,NA,NA
19/09/2002,NA,NA
20/09/2002,NA,20.3
21/09/2002,NA,27.5
22/09/2002,NA,13.7
23/09/2002,NA,17.6
24/09/2002,NA,17.4
25/09/2002,NA,23.9
26/09/2002,NA,21
27/09/2002,NA,29.6
28/09/2002,NA,25.4
29/09/2002,NA,18.7
30/09/2002,NA,38.5
01/10/2002,NA,55.5
02/10/2002,NA,35
03/10/2002,NA,NA
04/10/2002,NA,NA
05/10/2002,NA,NA
06/10/2002,NA,NA
07/10/2002,NA,NA
08/10/2002,NA,NA
09/10/2002,NA,NA
10/10/2002,NA,NA
11/10/2002,NA,NA
12/10/2002,NA,NA
13/10/2002,NA,NA
14/10/2002,NA,NA
15/10/2002,NA,NA
16/10/2002,NA,NA
17/10/2002,NA,NA
18/10/2002,NA,NA
19/10/2002,NA,NA
20/10/2002,NA,NA
21/10/2002,NA,NA
22/10/2002,NA,NA
23/10/2002,NA,NA
24/10/2002,NA,NA
25/10/2002,NA,NA
26/10/2002,NA,NA
27/10/2002,NA,NA
28/10/2002,NA,NA
29/10/2002,NA,NA
30/10/2002,NA,NA
31/10/2002,NA,NA
01/11/2002,NA,NA
02/11/2002,NA,NA
03/11/2002,NA,NA
04/11/2002,NA,NA
05/11/2002,NA,NA
06/11/2002,NA,NA
07/11/2002,NA,NA
08/11/2002,NA,NA
09/11/2002,NA,NA
10/11/2002,NA,NA
11/11/2002,NA,NA
12/11/2002,NA,NA
13/11/2002,NA,NA
14/11/2002,NA,NA
15/11/2002,NA,NA
16/11/2002,NA,NA
17/11/2002,NA,NA
18/11/2002,NA,NA
19/11/2002,NA,NA
20/11/2002,NA,NA
21/11/2002,NA,NA
22/11/2002,NA,NA
23/11/2002,NA,NA
24/11/2002,NA,NA
25/11/2002,NA,NA
26/11/2002,NA,NA
27/11/2002,NA,NA
28/11/2002,NA,NA
29/11/2002,NA,NA
30/11/2002,NA,NA
01/12/2002,NA,NA
02/12/2002,NA,NA
03/12/2002,NA,NA
04/12/2002,NA,NA
05/12/2002,NA,NA
06/12/2002,NA,NA
07/12/2002,NA,NA
08/12/2002,NA,NA
09/12/2002,NA,NA
10/12/2002,NA,NA
11/12/2002,NA,NA
12/12/2002,NA,NA
13/12/2002,NA,NA
14/12/2002,NA,NA
15/12/2002,NA,NA
16/12/2002,NA,NA
17/12/2002,NA,NA
18/12/2002,NA,NA
19/12/2002,NA,NA
20/12/2002,NA,NA
21/12/2002,NA,NA
22/12/2002,NA,NA
23/12/2002,NA,NA
24/12/2002,NA,NA
25/12/2002,NA,NA
26/12/2002,NA,NA
27/12/2002,NA,NA
28/12/2002,NA,NA
29/12/2002,NA,NA
30/12/2002,NA,NA
31/12/2002,NA,NA
01/01/2003,NA,NA
02/01/2003,NA,NA
03/01/2003,NA,NA
04/01/2003,NA,NA
05/01/2003,NA,NA
06/01/2003,NA,NA
07/01/2003,NA,NA
08/01/2003,NA,13.8
09/01/2003,NA,17.1
10/01/2003,NA,14.1
11/01/2003,NA,23.8
12/01/2003,NA,27.4
13/01/2003,NA,13.7
14/01/2003,NA,16.8
15/01/2003,NA,21.2
16/01/2003,NA,23.4
17/01/2003,NA,14.4
18/01/2003,NA,22.4
19/01/2003,NA,8.7
20/01/2003,NA,12.5
21/01/2003,NA,16.6
22/01/2003,NA,12.7
23/01/2003,NA,24
24/01/2003,NA,31
25/01/2003,NA,14.7
26/01/2003,NA,16
27/01/2003,NA,11.8
28/01/2003,NA,13.2
29/01/2003,NA,11.3
30/01/2003,NA,12
31/01/2003,NA,18.5
01/02/2003,NA,13.6
02/02/2003,NA,9.7
03/02/2003,NA,14.7
04/02/2003,NA,15.1
05/02/2003,NA,26.1
06/02/2003,NA,25.6
07/02/2003,NA,16.2
08/02/2003,NA,13.3
09/02/2003,NA,12.2
10/02/2003,NA,19.5
11/02/2003,NA,18.9
12/02/2003,NA,22.1
13/02/2003,NA,37.1
14/02/2003,NA,37.2
15/02/2003,NA,21.2
16/02/2003,NA,27.4
17/02/2003,NA,22.7
18/02/2003,NA,28.3
19/02/2003,NA,44.2
20/02/2003,NA,46.3
21/02/2003,NA,50
22/02/2003,NA,51
23/02/2003,NA,32.5
24/02/2003,NA,32.5
25/02/2003,NA,39.8
26/02/2003,NA,41.9
27/02/2003,NA,33
28/02/2003,NA,10.3
01/03/2003,NA,11
02/03/2003,NA,11.6
03/03/2003,NA,26.1
04/03/2003,NA,12.8
05/03/2003,NA,NA
06/03/2003,NA,19.2
07/03/2003,NA,18.6
08/03/2003,NA,20.5
09/03/2003,NA,25.3
10/03/2003,NA,29.3
11/03/2003,NA,21.4
12/03/2003,NA,21.2
13/03/2003,NA,24.7
14/03/2003,NA,22
15/03/2003,NA,26.7
16/03/2003,NA,34.9
17/03/2003,NA,51.3
18/03/2003,NA,32.8
19/03/2003,NA,47.2
20/03/2003,NA,60
21/03/2003,NA,38.7
22/03/2003,NA,38.3
23/03/2003,NA,45.2
24/03/2003,NA,51.6
25/03/2003,NA,59.2
26/03/2003,NA,57
27/03/2003,NA,34.2
28/03/2003,NA,46.1
29/03/2003,NA,55
30/03/2003,NA,23.6
31/03/2003,NA,31
01/04/2003,NA,24.5
02/04/2003,NA,17.6
03/04/2003,NA,22.3
04/04/2003,NA,20.7
05/04/2003,NA,16.3
06/04/2003,NA,16.2
07/04/2003,NA,23.5
08/04/2003,NA,24.3
09/04/2003,NA,NA
10/04/2003,NA,13.4
11/04/2003,NA,19.5
12/04/2003,NA,27.7
13/04/2003,NA,26.6
14/04/2003,NA,40
15/04/2003,NA,52.3
16/04/2003,NA,51.3
17/04/2003,NA,50.2
18/04/2003,NA,36.1
19/04/2003,NA,23.1
20/04/2003,NA,57.2
21/04/2003,NA,27.9
22/04/2003,NA,39.2
23/04/2003,NA,36.9
24/04/2003,NA,39.9
25/04/2003,NA,33.6
26/04/2003,NA,10.9
27/04/2003,NA,21.2
28/04/2003,NA,8.7
29/04/2003,NA,16
30/04/2003,NA,18.1
01/05/2003,NA,16.6
02/05/2003,NA,15.1
03/05/2003,NA,15.6
04/05/2003,NA,31.2
05/05/2003,NA,15.7
06/05/2003,NA,23.5
07/05/2003,NA,31.5
08/05/2003,NA,31.5
09/05/2003,NA,41.6
10/05/2003,NA,24.8
11/05/2003,NA,11.2
12/05/2003,NA,11.6
13/05/2003,NA,16.6
14/05/2003,NA,16.7
15/05/2003,NA,25.3
16/05/2003,NA,19.5
17/05/2003,NA,15.2
18/05/2003,NA,19.3
19/05/2003,NA,16.4
20/05/2003,NA,20.7
21/05/2003,NA,20.7
22/05/2003,20.2,17.3
23/05/2003,20.7,18.5
24/05/2003,13,15.6
25/05/2003,12.5,10.4
26/05/2003,23.9,17.8
27/05/2003,17.6,20.3
28/05/2003,NA,31.7
29/05/2003,NA,30.2
30/05/2003,NA,32.9
31/05/2003,NA,39.3
01/06/2003,NA,24.4
02/06/2003,NA,12.8
03/06/2003,NA,25.4
04/06/2003,NA,19.8
05/06/2003,17.4,17.9
06/06/2003,14.9,20.1
07/06/2003,15.4,17
08/06/2003,22.8,21.3
09/06/2003,17.1,19
10/06/2003,31.8,40.5
11/06/2003,20.1,26
12/06/2003,18.4,27.7
13/06/2003,20.1,22.3
14/06/2003,24.8,22.8
15/06/2003,20.7,25.6
16/06/2003,32.7,40.6
17/06/2003,40.7,36.3
18/06/2003,22.3,22.9
19/06/2003,15.1,21.9
20/06/2003,25.9,20
21/06/2003,24.7,26.6
22/06/2003,26.5,29.8
23/06/2003,17.6,16.3
24/06/2003,18.3,16.3
25/06/2003,21.9,19.8
26/06/2003,31.5,25.3
27/06/2003,26.5,26.3
28/06/2003,18.6,16
29/06/2003,23.5,21.4
30/06/2003,19,18
01/07/2003,14.1,13.8
02/07/2003,22,17
03/07/2003,20.5,19.3
04/07/2003,17,18.2
05/07/2003,25.4,28
06/07/2003,21.6,23.9
07/07/2003,19.3,24.1
08/07/2003,17.8,22.1
09/07/2003,NA,29.3
10/07/2003,NA,30.2
11/07/2003,NA,21
12/07/2003,26.9,26.3
13/07/2003,27.5,26.7
14/07/2003,35.1,29.6
15/07/2003,38.4,34.7
16/07/2003,31.5,30.6
17/07/2003,14.8,12.5
18/07/2003,19.3,18.3
19/07/2003,19.5,23
20/07/2003,18.6,16.5
21/07/2003,21.3,20.6
22/07/2003,17.3,16.6
23/07/2003,15.6,16.8
24/07/2003,16.2,14.6
25/07/2003,13.3,12.4
26/07/2003,12.8,10.4
27/07/2003,14.2,12.1
28/07/2003,17.3,15.6
29/07/2003,13.6,12.3
30/07/2003,16.8,14.7
31/07/2003,18.2,18.7
01/08/2003,21.7,20.7
02/08/2003,18.2,17.7
03/08/2003,26.1,26.9
04/08/2003,39.1,32.7
05/08/2003,35.4,33
06/08/2003,48.9,47.4
07/08/2003,46.7,44.6
08/08/2003,61.6,52.5
09/08/2003,53.2,51.6
10/08/2003,57.4,54.1
11/08/2003,54.1,51
12/08/2003,45.5,44.7
13/08/2003,52.4,39.8
14/08/2003,20.8,18.8
15/08/2003,22.5,23.8
16/08/2003,20.4,16.4
17/08/2003,24.9,22.8
18/08/2003,31.1,35.6
19/08/2003,18,29.8
20/08/2003,21.6,29.7
21/08/2003,20.7,25.9
22/08/2003,18.6,20.6
23/08/2003,17.6,16.8
24/08/2003,19.5,14.8
25/08/2003,14.9,12
26/08/2003,24.4,18
27/08/2003,23.2,17.4
28/08/2003,22.2,17.3
29/08/2003,19.3,14.1
30/08/2003,17,16.3
31/08/2003,16.7,20.9
01/09/2003,20,18
02/09/2003,23.8,36.2
03/09/2003,36.2,42.7
04/09/2003,38.3,34.8
05/09/2003,33.9,36.4
06/09/2003,20.6,24.5
07/09/2003,11,16.8
08/09/2003,23.9,22.7
09/09/2003,16,22.7
10/09/2003,13.7,12.5
11/09/2003,19.4,26
12/09/2003,24.1,19.5
13/09/2003,28.6,34.8
14/09/2003,26.2,24.9
15/09/2003,31.7,40.8
16/09/2003,27.4,46.1
17/09/2003,34.8,52.2
18/09/2003,37.7,51.7
19/09/2003,35.2,39.4
20/09/2003,41.5,49.9
21/09/2003,27.9,32.1
22/09/2003,18.6,32.1
23/09/2003,15.9,16.7
24/09/2003,19.3,26.6
25/09/2003,28.7,33
26/09/2003,25.8,32.5
27/09/2003,18.9,13.8
28/09/2003,18.1,15.2
29/09/2003,18.3,19.9
30/09/2003,29.6,34.5
01/10/2003,28.1,21.9
02/10/2003,30.8,23.8
03/10/2003,27.7,23.2
04/10/2003,15.3,13
05/10/2003,12,9.2
06/10/2003,17.2,15.4
07/10/2003,20.1,17.9
08/10/2003,18.4,19.9
09/10/2003,18.6,19
10/10/2003,15.8,15.3
11/10/2003,26,31.5
12/10/2003,25.2,21.3
13/10/2003,32.4,26.3
14/10/2003,32,26.3
15/10/2003,28.7,22.3
16/10/2003,26.1,21.1
17/10/2003,26.5,22.6
18/10/2003,26.8,24.7
19/10/2003,15.9,15.5
20/10/2003,18.6,14.6
21/10/2003,24,24.5
22/10/2003,20.4,17.5
23/10/2003,21.5,15.8
24/10/2003,19,18.8
25/10/2003,17.5,19.1
26/10/2003,14.8,12.5
27/10/2003,24.6,32.1
28/10/2003,21.1,29.6
29/10/2003,12.5,17.2
30/10/2003,12.2,11.8
31/10/2003,15.3,13.4
01/11/2003,17.5,15.2
02/11/2003,15.3,12.9
03/11/2003,19.4,17.4
04/11/2003,25.7,27.9
05/11/2003,30,32.2
06/11/2003,45.9,43.4
07/11/2003,38.6,36.3
08/11/2003,28.3,36.9
09/11/2003,30.4,26.5
10/11/2003,29.4,28.2
11/11/2003,30,33.1
12/11/2003,16.5,NA
13/11/2003,21,NA
14/11/2003,21.3,28
15/11/2003,15.3,21.7
16/11/2003,14.2,23.6
17/11/2003,12.6,14.5
18/11/2003,NA,9.3
19/11/2003,NA,14.9
20/11/2003,18.2,15.8
21/11/2003,18.1,13.8
22/11/2003,11.2,8.8
23/11/2003,10,6.8
24/11/2003,20.7,18.2
25/11/2003,13.5,15
26/11/2003,13,11.8
27/11/2003,32.5,35.4
28/11/2003,21.9,25.6
29/11/2003,14.7,15.5
30/11/2003,14.9,15.9
01/12/2003,17.8,14.2
02/12/2003,28.7,25.8
03/12/2003,29.5,24.8
04/12/2003,24.5,20.5
05/12/2003,24.5,25.9
06/12/2003,28.5,28.7
07/12/2003,18.1,15.2
08/12/2003,26,27
09/12/2003,42.1,37.9
10/12/2003,30.6,28.5
11/12/2003,18.2,14.2
12/12/2003,17.4,17.8
13/12/2003,6,4.4
14/12/2003,15.7,14
15/12/2003,18.8,18.7
16/12/2003,25.9,32.7
17/12/2003,24.5,33
18/12/2003,29.2,37.9
19/12/2003,35.8,41.6
20/12/2003,11.3,12.4
21/12/2003,9.6,8.9
22/12/2003,14.1,13.7
23/12/2003,12.4,13
24/12/2003,10.6,9.8
25/12/2003,5.5,5.1
26/12/2003,9.6,8.4
27/12/2003,9.4,6.9
28/12/2003,14.3,11.4
29/12/2003,14.6,13.4
30/12/2003,21.9,17.9
31/12/2003,22.9,18.4
01/01/2004,10.1,8.4
02/01/2004,20,17.8
03/01/2004,22.6,22.5
04/01/2004,21.2,18.8
05/01/2004,15.2,13.8
06/01/2004,15.9,13
07/01/2004,16.6,15.1
08/01/2004,13.4,33.5
09/01/2004,17,14.6
10/01/2004,22.8,19.7
11/01/2004,8.5,6.3
12/01/2004,17.9,15
13/01/2004,NA,13.9
14/01/2004,NA,11
15/01/2004,16.4,12.3
16/01/2004,16.5,10.8
17/01/2004,15.8,13.2
18/01/2004,19.9,17.7
19/01/2004,12.5,10.5
20/01/2004,13.9,9.7
21/01/2004,16.2,13.6
22/01/2004,15,12.6
23/01/2004,13.5,13.4
24/01/2004,18.8,15.4
25/01/2004,19.3,19.5
26/01/2004,26.3,18.8
27/01/2004,20,15.4
28/01/2004,15.3,NA
29/01/2004,19.6,17.8
30/01/2004,20.1,19.8
31/01/2004,16.5,14
01/02/2004,21.1,22.3
02/02/2004,21.3,18.5
03/02/2004,19.5,18.7
04/02/2004,34.1,31.1
05/02/2004,17.5,16.1
06/02/2004,14.8,14.1
07/02/2004,12.4,11.8
08/02/2004,15,12.9
09/02/2004,18.9,27.7
10/02/2004,26.3,30.7
11/02/2004,23.2,17.1
12/02/2004,22.4,24.3
13/02/2004,23.9,30
14/02/2004,23.1,21.8
15/02/2004,14.8,12
16/02/2004,23.6,21.5
17/02/2004,28.6,26.4
18/02/2004,21.1,14.1
19/02/2004,19.7,13.3
20/02/2004,27.1,22.2
21/02/2004,29.9,24.6
22/02/2004,19.7,15
23/02/2004,21.4,16.3
24/02/2004,19.1,16.6
25/02/2004,19.3,11.9
26/02/2004,21,18.5
27/02/2004,24.3,16.4
28/02/2004,21.5,15.1
29/02/2004,21.2,14.7
01/03/2004,32.1,29.3
02/03/2004,33.4,40.4
03/03/2004,26.7,25.9
04/03/2004,29.2,20.5
05/03/2004,32.8,22.5
06/03/2004,25.1,19.4
07/03/2004,15.5,11.9
08/03/2004,18.8,12.9
09/03/2004,19.7,14.1
10/03/2004,26.3,22.5
11/03/2004,29.6,33.5
12/03/2004,26.3,26
13/03/2004,12.9,11
14/03/2004,15.6,14
15/03/2004,21.9,20.4
16/03/2004,13.3,12
17/03/2004,19.5,22.5
18/03/2004,18.8,22.1
19/03/2004,17.2,14.2
20/03/2004,NA,19.4
21/03/2004,16.9,17.6
22/03/2004,16.3,14.4
23/03/2004,17.8,12.5
24/03/2004,18.6,12.1
25/03/2004,20.3,15.8
26/03/2004,19.9,14.6
27/03/2004,22.3,20.3
28/03/2004,20.3,17.8
29/03/2004,29,27.3
30/03/2004,33.2,26.5
31/03/2004,40.9,37.4
01/04/2004,20.1,27.5
02/04/2004,12,19.4
03/04/2004,18.1,20
04/04/2004,10.6,34.9
05/04/2004,14.8,13.3
06/04/2004,13.7,13
07/04/2004,16,14.8
08/04/2004,16.1,14.2
09/04/2004,16.6,18.7
10/04/2004,17.7,17.9
11/04/2004,21.1,18.5
12/04/2004,26.4,26.6
13/04/2004,21.5,20.5
14/04/2004,18.4,26.1
15/04/2004,24.1,32.8
16/04/2004,26.4,39.2
17/04/2004,20.5,24.9
18/04/2004,6.5,4.6
19/04/2004,13.2,12
20/04/2004,15.9,20.4
21/04/2004,19.1,19.9
22/04/2004,18.9,21.6
23/04/2004,25.6,27.7
24/04/2004,25.4,37
25/04/2004,31.9,33.8
26/04/2004,37.3,32.6
27/04/2004,38.9,39.6
28/04/2004,25.4,27.4
29/04/2004,16.3,15.8
30/04/2004,33.4,29.5
01/05/2004,42.1,44
02/05/2004,18,19.9
03/05/2004,15.5,17.1
04/05/2004,9.5,8.2
05/05/2004,11.9,11.8
06/05/2004,13.9,17.4
07/05/2004,18.7,20.7
08/05/2004,17.6,17.5
09/05/2004,21.7,23.3
10/05/2004,33,29.9
11/05/2004,28.2,26.7
12/05/2004,22.7,22.1
13/05/2004,25.4,19.7
14/05/2004,25.6,30
15/05/2004,21.4,28.3
16/05/2004,22.8,25.4
17/05/2004,28.6,41.1
18/05/2004,27.1,31.4
19/05/2004,24.5,33.2
20/05/2004,22.1,21.4
21/05/2004,15.8,12.6
22/05/2004,16.7,16.5
23/05/2004,20,20.2
24/05/2004,22.9,25.6
25/05/2004,22.8,22.5
26/05/2004,23.4,19.9
27/05/2004,19.7,17
28/05/2004,21,38.7
29/05/2004,23.9,32.3
30/05/2004,14.5,18.4
31/05/2004,13.9,17.1
01/06/2004,13.7,14.8
02/06/2004,19.6,17.9
03/06/2004,21,22.4
04/06/2004,14.1,16.6
05/06/2004,15.1,17.3
06/06/2004,19.5,23.9
07/06/2004,23,31
08/06/2004,32.3,49.9
09/06/2004,22.2,31.3
10/06/2004,20.3,31.3
11/06/2004,22.3,36.2
12/06/2004,16.8,18.5
13/06/2004,16.4,30.2
14/06/2004,18,23
15/06/2004,NA,25.6
16/06/2004,NA,22.3
17/06/2004,NA,35.9
18/06/2004,13.3,17.8
19/06/2004,12.4,14.9
20/06/2004,11.7,21.6
21/06/2004,13.6,15.4
22/06/2004,15.2,26.5
23/06/2004,14.8,14.7
24/06/2004,17.6,19.6
25/06/2004,16.3,16
26/06/2004,18.1,27.8
27/06/2004,15.8,16.7
28/06/2004,17.8,18.2
29/06/2004,17.5,19.9
30/06/2004,15.7,24.5
01/07/2004,17.4,31
02/07/2004,11.1,14.1
03/07/2004,12.6,17.6
04/07/2004,11.2,16.6
05/07/2004,14.3,18.5
06/07/2004,20.8,19.7
07/07/2004,24,26.7
08/07/2004,16,21.2
09/07/2004,15.7,19.4
10/07/2004,11.3,14.5
11/07/2004,11.2,12.2
12/07/2004,17,18.6
13/07/2004,16.1,19.9
14/07/2004,15.8,18.2
15/07/2004,13.3,14.7
16/07/2004,14.8,16.3
17/07/2004,13.2,16.5
18/07/2004,14.1,14.8
19/07/2004,NA,19.7
20/07/2004,NA,33.9
21/07/2004,NA,16.3
22/07/2004,24.8,38.9
23/07/2004,19,21.7
24/07/2004,17.3,19.7
25/07/2004,14.4,14.6
26/07/2004,12.1,10.9
27/07/2004,18.7,20.3
28/07/2004,29.5,37.7
29/07/2004,35.4,38
30/07/2004,21.9,24.3
31/07/2004,26.1,28
01/08/2004,30.8,31.7
02/08/2004,41.9,41.4
03/08/2004,39.9,36.7
04/08/2004,26.9,33.6
05/08/2004,35.6,30.7
06/08/2004,20.9,28.9
07/08/2004,19.7,25.2
08/08/2004,32.5,33.2
09/08/2004,26.8,35.5
10/08/2004,15.1,17.7
11/08/2004,15,17.9
12/08/2004,14.8,20.5
13/08/2004,22.1,21.3
14/08/2004,28.4,29.3
15/08/2004,12.2,13.9
16/08/2004,13.5,15.9
17/08/2004,16.1,17.8
18/08/2004,16.1,16.1
19/08/2004,18.2,15.2
20/08/2004,14.9,14.2
21/08/2004,16.6,15.5
22/08/2004,17.9,18.9
23/08/2004,16.4,17
24/08/2004,14.3,12.5
25/08/2004,14.4,15.1
26/08/2004,15.7,17.9
27/08/2004,12.2,13.6
28/08/2004,14.4,18.6
29/08/2004,11.8,13.9
30/08/2004,13.9,17.3
31/08/2004,20.1,29
01/09/2004,27.3,36.6
02/09/2004,29.7,38.5
03/09/2004,36,48.3
04/09/2004,20.7,26.9
05/09/2004,35.7,34.5
06/09/2004,30.5,28
07/09/2004,31.4,27.6
08/09/2004,26,24.4
09/09/2004,38.3,32
10/09/2004,33.4,32.8
11/09/2004,16.4,17.3
12/09/2004,15.3,21.2
13/09/2004,16.1,14.8
14/09/2004,18,17.5
15/09/2004,19.8,21.2
16/09/2004,20.8,27.8
17/09/2004,18.8,20.6
18/09/2004,12.9,14.1
19/09/2004,13.2,16
20/09/2004,17,19.5
21/09/2004,23,27
22/09/2004,18.5,20.4
23/09/2004,12.6,12.1
24/09/2004,16.9,15.3
25/09/2004,18.1,21.4
26/09/2004,11.7,14.7
27/09/2004,16.2,17.1
28/09/2004,18.5,20.6
29/09/2004,20,23.1
30/09/2004,18.9,25
01/10/2004,18.1,21.2
02/10/2004,18.2,18.4
03/10/2004,14.8,15.3
04/10/2004,13.6,13.5
05/10/2004,18,16.8
06/10/2004,13.9,14.5
07/10/2004,13.3,17
08/10/2004,23.7,19.9
09/10/2004,17.1,12.5
10/10/2004,19.1,16.7
11/10/2004,27.3,22.6
12/10/2004,20.6,18.3
13/10/2004,19.5,24.3
14/10/2004,11.9,11.6
15/10/2004,12.9,12
16/10/2004,13.1,12.6
17/10/2004,12.9,11.8
18/10/2004,15.9,17.7
19/10/2004,26.9,27.2
20/10/2004,15.4,13.4
21/10/2004,19.1,13.7
22/10/2004,22.8,18.2
23/10/2004,13.4,9.3
24/10/2004,16.4,12.5
25/10/2004,16.4,14.6
26/10/2004,16.8,25.1
27/10/2004,18.6,21.2
28/10/2004,19.8,28.4
29/10/2004,23.1,27.5
30/10/2004,36.8,33.2
31/10/2004,15.8,14.6
01/11/2004,23.1,17.6
02/11/2004,18.7,24.2
03/11/2004,21.6,26.7
04/11/2004,20.1,22.9
05/11/2004,37.9,43.9
06/11/2004,32.6,50.4
07/11/2004,16.6,22.2
08/11/2004,16,16.1
09/11/2004,17.6,19
10/11/2004,19.4,13.9
11/11/2004,25.3,27
12/11/2004,16.4,17
13/11/2004,17.2,17.1
14/11/2004,21.1,23.8
15/11/2004,19.2,20.5
16/11/2004,15.5,19.5
17/11/2004,15.8,18.3
18/11/2004,10.3,11.6
19/11/2004,16.5,22.4
20/11/2004,17.4,20.7
21/11/2004,14.9,16.3
22/11/2004,16.1,17
23/11/2004,24.6,30.6
24/11/2004,24,36.1
25/11/2004,22.6,29.7
26/11/2004,16.3,16.5
27/11/2004,15.8,16.4
28/11/2004,8.9,8.5
29/11/2004,24.4,24.8
30/11/2004,28.6,36.3
01/12/2004,29.3,25.2
02/12/2004,31.8,31.8
03/12/2004,27.9,29.8
04/12/2004,24.7,26.5
05/12/2004,14.5,15.9
06/12/2004,14.4,16.2
07/12/2004,31.8,36.1
08/12/2004,32.5,34.1
09/12/2004,31.4,31.7
10/12/2004,29.1,36.5
11/12/2004,40.9,43.7
12/12/2004,38.2,38.5
13/12/2004,43.5,40.8
14/12/2004,23.7,23.6
15/12/2004,32,29.2
16/12/2004,19.9,17.9
17/12/2004,17.5,15.9
18/12/2004,16,16.6
19/12/2004,19.1,16.4
20/12/2004,21.3,24.5
21/12/2004,20.3,21.1
22/12/2004,11.3,11.5
23/12/2004,18.9,19.5
24/12/2004,15.1,15.1
25/12/2004,12.7,13
26/12/2004,16,15.2
27/12/2004,15.8,14.3
28/12/2004,12.7,11.7
29/12/2004,18.9,19.4
30/12/2004,14.5,14.3
31/12/2004,10.8,12